,Province and Location,"Elev., m",Design Temperature,,,,Degree-Days Below 18°C,"15 Min. Rain, mm","One Day Rain, 1/50, mm","Ann. Rain, mm",Moist Index,"Ann. Tot. Ppn., mm","Driving Rain Wind Pressures, Pa, 1/5","Snow Load, kPa, 1/50",,"Hourly Wind Pressures, kPa",
,,,January,,July 2.5%,,,,,,,,,Ss,Sr,1/10,1/50
,,,2.5% °C,1% °C,Dry °C,Wet °C,,,,,,,,,,,
0,British Columbia,,,,,,,,,,,,,,,,
1,100 Mile House,1040.0,-30.0,-32.0,29.0,17.0,5030.0,10.0,48.0,300.0,0.4,425.0,60.0,2.6,0.3,0.27,0.35
2,Abbotsford,70.0,-8.0,-10.0,29.0,20.0,2860.0,12.0,112.0,1525.0,1.6,1600.0,160.0,2.0,0.3,0.33,0.44
3,Agassiz,15.0,-9.0,-11.0,31.0,21.0,2750.0,8.0,128.0,1650.0,1.7,1700.0,160.0,2.4,0.7,0.35,0.47
4,Alberni,12.0,-5.0,-8.0,31.0,19.0,3100.0,10.0,144.0,1900.0,2.0,2000.0,220.0,2.6,0.4,0.24,0.32
5,Ashcroft,305.0,-24.0,-27.0,34.0,20.0,3700.0,10.0,37.0,250.0,0.3,300.0,80.0,1.7,0.1,0.29,0.38
6,Bamfield,20.0,-2.0,-4.0,23.0,17.0,3080.0,13.0,170.0,2870.0,3.0,2890.0,280.0,1.0,0.4,0.38,0.5
7,Beatton River,840.0,-37.0,-39.0,26.0,18.0,6300.0,15.0,64.0,330.0,0.5,450.0,80.0,3.3,0.1,0.23,0.3
8,Bella Bella,25.0,-5.0,-7.0,23.0,18.0,3180.0,13.0,145.0,2715.0,2.8,2800.0,350.0,2.6,0.8,0.4,0.5
9,Bella Coola,40.0,-14.0,-18.0,27.0,19.0,3560.0,10.0,140.0,1500.0,1.9,1700.0,350.0,4.5,0.8,0.29,0.39
10,Burns Lake,755.0,-31.0,-34.0,26.0,17.0,5450.0,12.0,54.0,300.0,0.6,450.0,100.0,3.4,0.2,0.29,0.39
11,Cache Creek,455.0,-24.0,-27.0,34.0,20.0,3700.0,10.0,37.0,250.0,0.3,300.0,80.0,1.7,0.2,0.29,0.39
12,Campbell River,20.0,-5.0,-7.0,26.0,18.0,3000.0,10.0,116.0,1500.0,1.6,1600.0,260.0,2.8,0.4,0.41,0.48
13,Carmi,845.0,-24.0,-26.0,31.0,19.0,4750.0,10.0,64.0,325.0,0.4,550.0,60.0,3.6,0.2,0.29,0.38
14,Castlegar,430.0,-18.0,-20.0,32.0,20.0,3580.0,10.0,54.0,560.0,0.6,700.0,60.0,4.2,0.1,0.26,0.34
15,Chetwynd,605.0,-35.0,-38.0,27.0,18.0,5500.0,15.0,70.0,400.0,0.6,625.0,60.0,2.4,0.2,0.3,0.4
16,Chilliwack,10.0,-9.0,-11.0,30.0,20.0,2780.0,8.0,139.0,1625.0,1.7,1700.0,160.0,2.2,0.3,0.35,0.47
17,Comox,15.0,-7.0,-9.0,27.0,18.0,2930.0,10.0,106.0,1175.0,1.3,1200.0,260.0,2.4,0.4,0.41,0.48
18,Courtenay,10.0,-7.0,-9.0,28.0,18.0,2930.0,10.0,106.0,1400.0,1.5,1450.0,260.0,2.4,0.4,0.41,0.48
19,Cranbrook,910.0,-26.0,-28.0,32.0,18.0,4400.0,12.0,59.0,275.0,0.3,400.0,100.0,3.0,0.2,0.25,0.33
20,Crescent Valley,585.0,-18.0,-20.0,31.0,20.0,3650.0,10.0,54.0,675.0,0.8,850.0,80.0,4.2,0.1,0.25,0.33
21,Crofton,5.0,-4.0,-6.0,28.0,19.0,2880.0,8.0,86.0,925.0,1.1,950.0,160.0,1.8,0.2,0.32,0.4
22,Dawson Creek,665.0,-38.0,-40.0,27.0,18.0,5900.0,18.0,75.0,325.0,0.5,475.0,100.0,2.5,0.2,0.3,0.4
23,Dease Lake,800.0,-37.0,-40.0,24.0,15.0,6730.0,10.0,45.0,265.0,0.6,425.0,50.0,2.8,0.1,0.23,0.3
24,Dog Creek,450.0,-28.0,-30.0,29.0,17.0,4800.0,10.0,48.0,275.0,0.4,375.0,100.0,1.8,0.2,0.27,0.35
25,Duncan,10.0,-6.0,-8.0,28.0,19.0,2980.0,8.0,103.0,1000.0,1.1,1050.0,180.0,1.8,0.4,0.31,0.39
26,Elko,1065.0,-28.0,-31.0,30.0,19.0,4600.0,13.0,64.0,440.0,0.5,650.0,100.0,3.6,0.2,0.3,0.4
27,Fernie,1010.0,-27.0,-30.0,30.0,19.0,4750.0,13.0,118.0,860.0,0.9,1175.0,100.0,4.5,0.2,0.3,0.4
28,Fort Nelson,465.0,-39.0,-42.0,28.0,18.0,6710.0,15.0,70.0,325.0,0.6,450.0,80.0,2.4,0.1,0.23,0.3
29,Fort St. John,685.0,-35.0,-37.0,26.0,18.0,5750.0,15.0,72.0,320.0,0.5,475.0,100.0,2.8,0.1,0.29,0.39
30,Glacier,1145.0,-27.0,-30.0,27.0,17.0,5800.0,10.0,70.0,625.0,0.8,1500.0,80.0,9.4,0.2,0.24,0.32
31,Golden,790.0,-27.0,-30.0,30.0,17.0,4750.0,10.0,55.0,325.0,0.6,500.0,100.0,3.7,0.2,0.26,0.35
32,Gold River,120.0,-8.0,-11.0,31.0,18.0,3230.0,13.0,200.0,2730.0,2.8,2850.0,250.0,2.8,0.6,0.24,0.32
33,Grand Forks,565.0,-19.0,-22.0,34.0,20.0,3820.0,10.0,48.0,390.0,0.5,475.0,80.0,2.8,0.1,0.3,0.4
34,Greenwood,745.0,-20.0,-23.0,34.0,20.0,4100.0,10.0,64.0,430.0,0.5,550.0,80.0,3.6,0.1,0.3,0.4
35,Hope,40.0,-13.0,-15.0,31.0,20.0,2820.0,8.0,139.0,1825.0,1.9,1900.0,140.0,2.8,0.7,0.47,0.63
36,Jordan River,20.0,-1.0,-3.0,22.0,17.0,2900.0,12.0,170.0,2300.0,2.4,2370.0,250.0,1.2,0.4,0.44,0.55
37,Kamloops,355.0,-23.0,-25.0,34.0,20.0,3450.0,13.0,42.0,225.0,0.2,275.0,80.0,1.8,0.2,0.3,0.4
38,Kaslo,545.0,-17.0,-20.0,30.0,19.0,3830.0,10.0,55.0,660.0,0.8,850.0,80.0,2.8,0.1,0.23,0.31
39,Kelowna,350.0,-17.0,-20.0,33.0,20.0,3400.0,12.0,43.0,260.0,0.3,325.0,80.0,1.7,0.1,0.3,0.4
40,Kimberley,1090.0,-25.0,-27.0,31.0,18.0,4650.0,12.0,59.0,350.0,0.4,500.0,100.0,3.0,0.2,0.25,0.33
41,Kitimat Plant,15.0,-16.0,-18.0,25.0,16.0,3750.0,13.0,193.0,2100.0,2.2,2500.0,220.0,5.5,0.8,0.36,0.48
42,Kitimat Townsite,130.0,-16.0,-18.0,24.0,16.0,3900.0,13.0,171.0,1900.0,2.0,2300.0,220.0,6.5,0.8,0.36,0.48
43,Ladysmith,80.0,-7.0,-9.0,27.0,19.0,2920.0,8.0,97.0,1075.0,1.2,1160.0,180.0,2.4,0.4,0.32,0.4
44,Langford,80.0,-4.0,-6.0,27.0,19.0,2750.0,9.0,135.0,1095.0,1.2,1125.0,220.0,1.8,0.3,0.32,0.4
45,Lillooet,245.0,-21.0,-23.0,34.0,20.0,3400.0,10.0,70.0,300.0,0.3,350.0,100.0,2.1,0.1,0.33,0.44
46,Lytton,325.0,-17.0,-20.0,35.0,20.0,3300.0,10.0,70.0,330.0,0.3,425.0,80.0,2.8,0.3,0.32,0.43
47,Mackenzie,765.0,-34.0,-38.0,27.0,17.0,5550.0,10.0,50.0,350.0,0.5,650.0,60.0,5.1,0.2,0.25,0.32
48,Masset,10.0,-5.0,-7.0,17.0,15.0,3700.0,13.0,80.0,1350.0,1.5,1400.0,400.0,1.8,0.4,0.5,0.61
49,McBride,730.0,-29.0,-32.0,29.0,18.0,4980.0,13.0,54.0,475.0,0.6,650.0,60.0,4.3,0.2,0.27,0.35
50,McLeod Lake,695.0,-35.0,-37.0,27.0,17.0,5450.0,10.0,50.0,350.0,0.5,650.0,60.0,4.1,0.2,0.25,0.32
51,Merritt,570.0,-24.0,-27.0,34.0,20.0,3900.0,8.0,54.0,240.0,0.2,310.0,80.0,1.8,0.3,0.33,0.44
52,Mission City,45.0,-9.0,-11.0,30.0,20.0,2850.0,13.0,123.0,1650.0,1.7,1700.0,160.0,2.4,0.3,0.32,0.43
53,Montrose,615.0,-16.0,-18.0,32.0,20.0,3600.0,10.0,54.0,480.0,0.6,700.0,60.0,4.1,0.1,0.26,0.35
54,Nakusp,445.0,-20.0,-22.0,31.0,20.0,3560.0,10.0,60.0,650.0,0.8,850.0,60.0,4.4,0.1,0.25,0.33
55,Nanaimo,15.0,-6.0,-8.0,27.0,19.0,2920.0,10.0,91.0,1000.0,1.1,1050.0,200.0,2.1,0.4,0.38,0.48
56,Nelson,600.0,-18.0,-20.0,31.0,20.0,3500.0,10.0,59.0,460.0,0.6,700.0,60.0,4.2,0.1,0.25,0.33
57,Ocean Falls,10.0,-10.0,-12.0,23.0,17.0,3400.0,13.0,260.0,4150.0,4.2,4300.0,350.0,3.9,0.8,0.44,0.59
58,Osoyoos,285.0,-14.0,-17.0,35.0,21.0,3100.0,10.0,48.0,275.0,0.3,310.0,60.0,1.1,0.1,0.3,0.4
59,Parksville,40.0,-6.0,-8.0,26.0,19.0,2990.0,10.0,91.0,1200.0,1.3,1250.0,200.0,2.0,0.4,0.4,0.48
60,Penticton,350.0,-15.0,-17.0,33.0,20.0,3350.0,10.0,48.0,275.0,0.3,300.0,60.0,1.3,0.1,0.3,0.4
61,Port Alberni,15.0,-5.0,-8.0,31.0,19.0,3100.0,10.0,161.0,1900.0,2.0,2000.0,240.0,2.6,0.4,0.24,0.32
62,Port Alice,25.0,-3.0,-6.0,26.0,17.0,3010.0,13.0,200.0,3300.0,3.4,3340.0,220.0,1.1,0.4,0.24,0.32
63,Port Hardy,5.0,-5.0,-7.0,20.0,16.0,3440.0,13.0,150.0,1775.0,1.9,1850.0,220.0,0.9,0.4,0.36,0.48
64,Port McNeill,5.0,-5.0,-7.0,22.0,17.0,3410.0,13.0,128.0,1750.0,1.9,1850.0,260.0,1.1,0.4,0.36,0.48
65,Port Renfrew,20.0,-3.0,-5.0,24.0,17.0,2900.0,13.0,200.0,3600.0,3.6,3675.0,270.0,1.1,0.4,0.42,0.52
66,Powell River,10.0,-7.0,-9.0,26.0,18.0,3100.0,10.0,80.0,1150.0,1.3,1200.0,220.0,1.7,0.4,0.39,0.48
67,Prince George,580.0,-32.0,-36.0,28.0,18.0,4720.0,15.0,54.0,425.0,0.6,600.0,80.0,3.4,0.2,0.28,0.37
68,Prince Rupert,20.0,-13.0,-15.0,19.0,15.0,3900.0,13.0,160.0,2750.0,2.8,2900.0,240.0,1.9,0.4,0.43,0.54
69,Princeton,655.0,-24.0,-29.0,33.0,19.0,4250.0,10.0,43.0,235.0,0.4,350.0,80.0,2.9,0.6,0.27,0.36
70,Qualicum Beach,10.0,-7.0,-9.0,27.0,19.0,2990.0,10.0,96.0,1200.0,1.3,1250.0,200.0,2.0,0.4,0.41,0.48
71,Queen Charlotte City,35.0,-6.0,-8.0,21.0,16.0,3520.0,13.0,110.0,1300.0,1.5,1350.0,360.0,1.8,0.4,0.5,0.61
72,Quesnel,475.0,-31.0,-33.0,30.0,17.0,4650.0,10.0,50.0,380.0,0.5,525.0,80.0,3.0,0.1,0.24,0.31
73,Revelstoke,440.0,-20.0,-23.0,31.0,19.0,4000.0,13.0,55.0,625.0,0.8,950.0,80.0,7.2,0.1,0.24,0.32
74,Salmon Arm,425.0,-19.0,-24.0,33.0,21.0,3650.0,13.0,48.0,400.0,0.5,525.0,80.0,3.5,0.1,0.29,0.39
75,Sandspit,5.0,-4.0,-6.0,18.0,15.0,3450.0,13.0,86.0,1300.0,1.5,1350.0,500.0,1.8,0.4,0.59,0.72
76,Sechelt,25.0,-6.0,-8.0,27.0,20.0,2680.0,10.0,75.0,1140.0,1.3,1200.0,160.0,1.8,0.4,0.38,0.48
77,Sidney,10.0,-4.0,-6.0,26.0,18.0,2850.0,8.0,96.0,825.0,1.0,850.0,160.0,1.1,0.2,0.34,0.42
78,Smithers,500.0,-29.0,-31.0,26.0,17.0,5040.0,13.0,60.0,325.0,0.6,500.0,120.0,3.5,0.2,0.3,0.4
79,Smith River,660.0,-45.0,-47.0,26.0,17.0,7100.0,10.0,64.0,300.0,0.6,500.0,40.0,2.8,0.1,0.24,0.3
80,Sooke,20.0,-1.0,-3.0,21.0,16.0,2900.0,9.0,130.0,1250.0,1.4,1280.0,220.0,1.3,0.3,0.38,0.48
81,Squamish,5.0,-9.0,-11.0,29.0,20.0,2950.0,10.0,140.0,2050.0,2.1,2200.0,160.0,2.8,0.7,0.38,0.5
82,Stewart,10.0,-17.0,-20.0,25.0,16.0,4350.0,13.0,135.0,1300.0,1.5,1900.0,180.0,7.9,0.8,0.27,0.36
83,Tahsis,25.0,-4.0,-6.0,26.0,18.0,3150.0,13.0,200.0,3845.0,3.9,3900.0,300.0,1.1,0.4,0.26,0.34
84,Taylor,515.0,-35.0,-37.0,26.0,18.0,5720.0,15.0,72.0,320.0,0.5,450.0,100.0,2.3,0.1,0.3,0.4
85,Terrace,60.0,-19.0,-21.0,27.0,17.0,4150.0,13.0,120.0,950.0,1.1,1150.0,200.0,5.4,0.6,0.27,0.36
86,Tofino,10.0,-2.0,-4.0,20.0,16.0,3150.0,13.0,193.0,3275.0,3.4,3300.0,300.0,1.1,0.4,0.51,0.68
87,Trail,440.0,-14.0,-17.0,33.0,20.0,3600.0,10.0,54.0,580.0,0.7,700.0,60.0,4.1,0.1,0.26,0.35
88,Ucluelet,5.0,-2.0,-4.0,18.0,16.0,3120.0,13.0,180.0,3175.0,3.3,3200.0,280.0,1.0,0.4,0.51,0.68
89,Vancouver Region,,,,,,,,,,,,,,,,
90,Fraser Univ.),330.0,-7.0,-9.0,25.0,17.0,3100.0,10.0,150.0,1850.0,1.9,1950.0,160.0,2.9,0.7,0.35,0.47
91,Cloverdale,10.0,-8.0,-10.0,29.0,20.0,2700.0,10.0,112.0,1350.0,1.4,1400.0,160.0,2.5,0.2,0.33,0.44
92,Haney,10.0,-9.0,-11.0,30.0,20.0,2840.0,10.0,134.0,1800.0,1.9,1950.0,160.0,2.4,0.2,0.33,0.44
93,Ladner,-99,-99,-99,-99,-99,-99,-99,-99,-99,-99,-99,-99,-99,-99,-99,-99
94,Langley,15.0,-8.0,-10.0,29.0,20.0,2700.0,10.0,112.0,1450.0,1.5,1500.0,160.0,2.4,0.2,0.33,0.44
95,New Westminster,10.0,-8.0,-10.0,29.0,19.0,2800.0,10.0,134.0,1500.0,1.6,1575.0,160.0,2.3,0.2,0.33,0.44
96,North Vancouver,135.0,-7.0,-9.0,26.0,19.0,2910.0,12.0,150.0,2000.0,2.1,2100.0,160.0,3.0,0.3,0.34,0.45
97,Richmond,5.0,-7.0,-9.0,27.0,19.0,2800.0,10.0,86.0,1070.0,1.2,1100.0,160.0,1.5,0.2,0.36,0.45
98,Surrey(88 Ave &156 St.),90.0,-8.0,-10.0,29.0,20.0,2750.0,10.0,128.0,1500.0,1.6,1575.0,160.0,2.4,0.3,0.33,0.44
99,Vancouver(City Hall),40.0,-7.0,-9.0,28.0,20.0,2825.0,10.0,112.0,1325.0,1.4,1400.0,160.0,1.8,0.2,0.34,0.45
100,Vancouver(Granville St. & 41 stAve),120.0,-6.0,-8.0,28.0,20.0,2925.0,10.0,107.0,1325.0,1.4,1400.0,160.0,1.9,0.3,0.36,0.45
101,West Vancouver,45.0,-7.0,-9.0,28.0,19.0,2950.0,12.0,150.0,1600.0,1.7,1700.0,160.0,2.4,0.2,0.36,0.48
102,Vernon,405.0,-20.0,-23.0,33.0,20.0,3600.0,13.0,43.0,350.0,0.4,400.0,80.0,2.2,0.1,0.3,0.4
103,Victoria Region,,,,,,,,,,,,,,,,
104,Victoria,10.0,-4.0,-6.0,24.0,17.0,2650.0,8.0,91.0,800.0,1.0,825.0,220.0,1.1,0.2,0.46,0.57
105,Victoria(Gonzales Hts),65.0,-4.0,-6.0,24.0,17.0,2700.0,9.0,91.0,600.0,0.8,625.0,220.0,1.5,0.3,0.46,0.57
106,(Mt Tolmie),125.0,-6.0,-8.0,24.0,16.0,2700.0,9.0,91.0,775.0,1.0,800.0,220.0,2.1,0.3,0.46,0.57
107,Whistler,665.0,-17.0,-20.0,30.0,20.0,4180.0,10.0,85.0,845.0,1.0,1215.0,160.0,9.5,0.9,0.24,0.32
108,White Rock,30.0,-5.0,-7.0,25.0,20.0,2620.0,10.0,80.0,1065.0,1.2,1100.0,160.0,2.0,0.2,0.33,0.44
109,Williams Lake,615.0,-30.0,-33.0,29.0,17.0,4400.0,10.0,48.0,350.0,0.5,425.0,80.0,2.4,0.2,0.27,0.35
110,Youbou,200.0,-5.0,-8.0,31.0,19.0,3050.0,10.0,161.0,2000.0,2.1,2100.0,200.0,3.5,0.7,0.26,0.32
111,Alberta,,,,,,,,,,,,,,,,
112,Athabasca,515.0,-35.0,-38.0,27.0,19.0,6000.0,18.0,86.0,370.0,0.6,480.0,80.0,1.5,0.1,0.27,0.36
113,Banff,1400.0,-31.0,-33.0,27.0,16.0,5500.0,18.0,65.0,300.0,0.6,500.0,120.0,3.3,0.1,0.26,0.32
114,Barrhead,645.0,-33.0,-36.0,27.0,19.0,5740.0,20.0,86.0,375.0,0.6,475.0,100.0,1.7,0.1,0.35,0.44
115,Beaverlodge,730.0,-36.0,-39.0,28.0,18.0,5700.0,20.0,86.0,315.0,0.5,470.0,100.0,2.4,0.1,0.27,0.36
116,Brooks,760.0,-32.0,-34.0,32.0,20.0,4880.0,18.0,86.0,260.0,0.3,340.0,220.0,1.2,0.1,0.35,0.44
117,Calgary,1045.0,-30.0,-32.0,28.0,17.0,5000.0,23.0,103.0,325.0,0.4,425.0,220.0,1.1,0.1,0.38,0.48
118,Campsie,660.0,-33.0,-36.0,27.0,19.0,5750.0,20.0,86.0,375.0,0.6,475.0,100.0,1.7,0.1,0.33,0.44
119,Camrose,740.0,-33.0,-35.0,29.0,19.0,5500.0,20.0,86.0,355.0,0.5,470.0,160.0,2.0,0.1,0.31,0.39
120,Canmore,1320.0,-31.0,-33.0,28.0,17.0,5400.0,18.0,86.0,325.0,0.6,500.0,120.0,3.2,0.1,0.3,0.37
121,Cardston,1130.0,-29.0,-32.0,30.0,19.0,4700.0,20.0,108.0,340.0,0.4,550.0,140.0,1.5,0.1,0.58,0.72
122,Claresholm,1030.0,-30.0,-32.0,30.0,18.0,4680.0,15.0,97.0,310.0,0.4,440.0,200.0,1.3,0.1,0.46,0.58
123,Cold Lake,540.0,-35.0,-38.0,28.0,19.0,5860.0,18.0,81.0,320.0,0.5,430.0,140.0,1.7,0.1,0.29,0.38
124,Coleman,1320.0,-31.0,-34.0,29.0,18.0,5210.0,15.0,86.0,400.0,0.5,550.0,120.0,2.7,0.3,0.5,0.63
125,Coronation,790.0,-32.0,-34.0,30.0,19.0,5640.0,20.0,92.0,300.0,0.5,400.0,200.0,1.9,0.1,0.3,0.37
126,Cowley,1175.0,-29.0,-32.0,29.0,18.0,4810.0,15.0,92.0,310.0,0.4,525.0,140.0,1.6,0.1,0.81,1.01
127,Drumheller,685.0,-32.0,-34.0,30.0,18.0,5050.0,20.0,86.0,300.0,0.4,375.0,220.0,1.2,0.1,0.35,0.44
128,Edmonton,645.0,-30.0,-33.0,28.0,19.0,5120.0,23.0,97.0,360.0,0.5,460.0,160.0,1.7,0.1,0.36,0.45
129,Edson,920.0,-34.0,-37.0,27.0,18.0,5750.0,18.0,81.0,450.0,0.6,570.0,100.0,2.1,0.1,0.37,0.46
130,Embarras Portage,220.0,-41.0,-43.0,28.0,19.0,7100.0,12.0,81.0,250.0,0.6,390.0,80.0,2.2,0.1,0.28,0.37
131,Fairview,670.0,-37.0,-40.0,27.0,18.0,5840.0,15.0,86.0,330.0,0.5,450.0,100.0,2.4,0.1,0.26,0.35
132,Fort MacLeod,945.0,-30.0,-32.0,31.0,19.0,4600.0,16.0,97.0,300.0,0.4,425.0,180.0,1.2,0.1,0.54,0.68
133,Fort McMurray,255.0,-38.0,-40.0,28.0,19.0,6250.0,13.0,86.0,340.0,0.5,460.0,60.0,1.5,0.1,0.28,0.35
134,Fort Saskatchewan,610.0,-32.0,-35.0,28.0,19.0,5420.0,20.0,86.0,350.0,0.5,425.0,140.0,1.6,0.1,0.34,0.43
135,Fort Vermilion,270.0,-41.0,-43.0,28.0,18.0,6700.0,13.0,70.0,250.0,0.5,380.0,60.0,2.1,0.1,0.23,0.3
136,Grande Prairie,650.0,-36.0,-39.0,27.0,18.0,5790.0,20.0,86.0,315.0,0.5,450.0,120.0,2.2,0.1,0.32,0.43
137,Habay,335.0,-41.0,-43.0,28.0,18.0,6750.0,13.0,70.0,275.0,0.5,425.0,60.0,2.4,0.1,0.23,0.3
138,Hardisty,615.0,-33.0,-36.0,30.0,19.0,5640.0,20.0,81.0,325.0,0.5,425.0,140.0,1.7,0.1,0.29,0.36
139,High River,1040.0,-31.0,-32.0,28.0,17.0,4900.0,18.0,97.0,300.0,0.4,425.0,200.0,1.3,0.1,0.52,0.65
140,Hinton,990.0,-34.0,-38.0,27.0,17.0,5500.0,13.0,81.0,375.0,0.6,500.0,100.0,2.6,0.1,0.37,0.46
141,Jasper,1060.0,-31.0,-34.0,28.0,17.0,5300.0,12.0,76.0,300.0,0.5,400.0,80.0,3.0,0.1,0.26,0.32
142,Keg River,420.0,-40.0,-42.0,28.0,18.0,6520.0,13.0,70.0,310.0,0.5,450.0,80.0,2.4,0.1,0.23,0.3
143,Lac La Biche,560.0,-35.0,-38.0,28.0,19.0,6100.0,15.0,86.0,375.0,0.6,475.0,80.0,1.6,0.1,0.27,0.36
144,Lacombe,855.0,-33.0,-36.0,28.0,19.0,5500.0,23.0,92.0,350.0,0.5,450.0,180.0,1.9,0.1,0.32,0.4
145,Lethbridge,910.0,-30.0,-32.0,31.0,19.0,4500.0,20.0,97.0,250.0,0.3,390.0,200.0,1.2,0.1,0.53,0.66
146,Manning,465.0,-39.0,-41.0,27.0,18.0,6300.0,13.0,76.0,280.0,0.5,390.0,80.0,2.3,0.1,0.23,0.3
147,Medicine Hat,705.0,-31.0,-34.0,32.0,19.0,4540.0,23.0,92.0,250.0,0.3,325.0,220.0,1.1,0.1,0.38,0.48
148,Peace River,330.0,-37.0,-40.0,27.0,18.0,6050.0,15.0,81.0,300.0,0.5,390.0,100.0,2.2,0.1,0.24,0.32
149,Pincher Creek,1130.0,-29.0,-32.0,29.0,18.0,4740.0,16.0,103.0,325.0,0.4,575.0,140.0,1.5,0.1,0.77,0.96
150,Ranfurly,670.0,-34.0,-37.0,29.0,19.0,5700.0,18.0,92.0,325.0,0.5,420.0,100.0,1.9,0.1,0.29,0.36
151,Red Deer,855.0,-32.0,-35.0,28.0,19.0,5550.0,20.0,97.0,375.0,0.5,475.0,200.0,1.8,0.1,0.32,0.4
152,Rocky Mountain House,985.0,-32.0,-34.0,27.0,18.0,5640.0,20.0,92.0,425.0,0.6,550.0,120.0,1.9,0.1,0.29,0.36
153,Slave Lake,590.0,-35.0,-38.0,26.0,19.0,5850.0,15.0,81.0,380.0,0.6,500.0,80.0,1.9,0.1,0.28,0.37
154,Stettler,820.0,-32.0,-34.0,30.0,19.0,5300.0,20.0,97.0,370.0,0.5,450.0,200.0,1.9,0.1,0.29,0.36
155,Stony Plain,710.0,-32.0,-35.0,28.0,19.0,5300.0,23.0,97.0,410.0,0.5,540.0,120.0,1.7,0.1,0.36,0.45
156,Suffield,755.0,-31.0,-34.0,32.0,20.0,4770.0,20.0,86.0,230.0,0.2,325.0,220.0,1.3,0.1,0.39,0.49
157,Taber,815.0,-31.0,-33.0,31.0,19.0,4580.0,20.0,92.0,260.0,0.3,370.0,200.0,1.2,0.1,0.5,0.63
158,Turner Valley,1215.0,-31.0,-32.0,28.0,17.0,5220.0,20.0,97.0,350.0,0.5,600.0,180.0,1.4,0.1,0.52,0.65
159,Valleyview,700.0,-37.0,-40.0,27.0,18.0,5600.0,18.0,86.0,360.0,0.5,490.0,80.0,2.3,0.1,0.34,0.42
160,Vegreville,635.0,-34.0,-37.0,29.0,19.0,5780.0,18.0,86.0,325.0,0.5,410.0,100.0,1.9,0.1,0.29,0.36
161,Vermilion,580.0,-35.0,-38.0,29.0,19.0,5740.0,18.0,86.0,310.0,0.5,410.0,100.0,1.7,0.1,0.29,0.36
162,Wagner,585.0,-35.0,-38.0,26.0,19.0,5850.0,15.0,81.0,380.0,0.6,500.0,80.0,1.9,0.1,0.28,0.37
163,Wainwright,675.0,-33.0,-36.0,29.0,19.0,5700.0,20.0,81.0,310.0,0.5,425.0,120.0,2.0,0.1,0.29,0.36
164,Wetaskiwin,760.0,-33.0,-35.0,29.0,19.0,5500.0,23.0,86.0,400.0,0.6,500.0,160.0,2.0,0.1,0.31,0.39
165,Whitecourt,690.0,-33.0,-36.0,27.0,19.0,5650.0,20.0,97.0,440.0,0.6,550.0,80.0,1.9,0.1,0.28,0.37
166,Wimborne,975.0,-31.0,-34.0,29.0,18.0,5310.0,23.0,92.0,325.0,0.5,450.0,200.0,1.6,0.1,0.32,0.4
167,Saskatchewan,,,,,,,,,,,,,,,,
168,Assiniboia,740.0,-32.0,-34.0,31.0,21.0,5180.0,25.0,81.0,290.0,0.3,375.0,240.0,1.6,0.1,0.39,0.49
169,Battrum,700.0,-32.0,-34.0,32.0,20.0,5080.0,23.0,81.0,270.0,0.4,350.0,260.0,1.2,0.1,0.43,0.54
170,Biggar,645.0,-34.0,-36.0,30.0,20.0,5720.0,23.0,81.0,270.0,0.4,350.0,180.0,2.1,0.1,0.36,0.45
171,Broadview,600.0,-34.0,-35.0,30.0,21.0,5760.0,25.0,103.0,320.0,0.5,420.0,160.0,1.7,0.1,0.36,0.46
172,Dafoe,530.0,-35.0,-37.0,29.0,21.0,5860.0,20.0,92.0,300.0,0.5,380.0,140.0,1.7,0.1,0.29,0.37
173,Dundurn,525.0,-35.0,-37.0,30.0,21.0,5600.0,23.0,86.0,275.0,0.4,380.0,180.0,1.5,0.1,0.36,0.46
174,Estevan,565.0,-32.0,-34.0,32.0,22.0,5340.0,28.0,92.0,330.0,0.4,420.0,200.0,1.6,0.1,0.41,0.52
175,Hudson Bay,370.0,-36.0,-38.0,29.0,21.0,6280.0,20.0,81.0,340.0,0.6,450.0,80.0,2.0,0.1,0.29,0.37
176,Humboldt,565.0,-36.0,-38.0,28.0,21.0,6000.0,20.0,86.0,320.0,0.5,375.0,140.0,2.1,0.1,0.31,0.39
177,Island Falls,305.0,-39.0,-41.0,27.0,20.0,7100.0,18.0,76.0,370.0,0.6,510.0,80.0,2.1,0.1,0.26,0.35
178,Kamsack,455.0,-34.0,-37.0,29.0,22.0,6040.0,20.0,97.0,360.0,0.6,450.0,120.0,2.1,0.2,0.32,0.4
179,Kindersley,685.0,-33.0,-35.0,31.0,20.0,5550.0,23.0,81.0,260.0,0.4,325.0,200.0,1.4,0.1,0.36,0.46
180,Lloydminster,645.0,-34.0,-37.0,28.0,20.0,5880.0,18.0,81.0,310.0,0.5,430.0,120.0,2.0,0.1,0.32,0.4
181,Maple Creek,765.0,-31.0,-34.0,31.0,20.0,4780.0,25.0,81.0,275.0,0.3,380.0,220.0,1.2,0.1,0.36,0.45
182,Meadow Lake,480.0,-38.0,-40.0,28.0,20.0,6280.0,18.0,81.0,320.0,0.5,450.0,120.0,1.7,0.1,0.3,0.4
183,Melfort,455.0,-36.0,-38.0,28.0,21.0,6050.0,20.0,81.0,310.0,0.5,410.0,120.0,2.1,0.1,0.28,0.36
184,Melville,550.0,-34.0,-36.0,29.0,21.0,5880.0,23.0,97.0,340.0,0.5,410.0,160.0,1.7,0.1,0.32,0.4
185,Moose Jaw,545.0,-32.0,-34.0,31.0,21.0,5270.0,25.0,86.0,270.0,0.3,360.0,200.0,1.4,0.1,0.41,0.52
186,Nipawin,365.0,-37.0,-39.0,28.0,21.0,6300.0,20.0,76.0,340.0,0.6,450.0,100.0,2.0,0.1,0.3,0.38
187,North Battleford,545.0,-34.0,-36.0,29.0,20.0,5900.0,20.0,81.0,280.0,0.5,370.0,120.0,1.7,0.1,0.36,0.46
188,Prince Albert,435.0,-37.0,-40.0,28.0,21.0,6100.0,20.0,81.0,320.0,0.5,410.0,140.0,1.9,0.1,0.3,0.38
189,Qu'Appelle,645.0,-34.0,-36.0,30.0,22.0,5620.0,25.0,97.0,340.0,0.5,430.0,160.0,1.7,0.1,0.33,0.42
190,Regina,575.0,-34.0,-36.0,31.0,21.0,5600.0,28.0,103.0,300.0,0.4,365.0,200.0,1.4,0.1,0.39,0.49
191,Rosetown,595.0,-34.0,-36.0,31.0,20.0,5620.0,23.0,81.0,260.0,0.4,330.0,200.0,1.7,0.1,0.39,0.49
192,Saskatoon,500.0,-35.0,-37.0,30.0,21.0,5700.0,23.0,86.0,265.0,0.4,350.0,160.0,1.7,0.1,0.36,0.46
193,Scott,645.0,-34.0,-36.0,30.0,20.0,5960.0,20.0,81.0,270.0,0.4,360.0,140.0,1.9,0.1,0.36,0.45
194,Strasbourg,545.0,-34.0,-36.0,30.0,22.0,5600.0,25.0,92.0,300.0,0.4,390.0,180.0,1.5,0.1,0.33,0.42
195,Swift Current,750.0,-31.0,-34.0,31.0,20.0,5150.0,25.0,81.0,260.0,0.3,350.0,240.0,1.4,0.1,0.43,0.54
196,Uranium City,265.0,-42.0,-44.0,26.0,19.0,7500.0,12.0,54.0,300.0,0.6,360.0,100.0,2.0,0.1,0.27,0.36
197,Weyburn,575.0,-33.0,-35.0,31.0,23.0,5400.0,28.0,97.0,320.0,0.4,400.0,200.0,1.8,0.1,0.38,0.48
198,Yorkton,510.0,-34.0,-37.0,29.0,21.0,6000.0,23.0,97.0,350.0,0.5,440.0,140.0,1.9,0.1,0.32,0.4
199,Manitoba,,,,,,,,,,,,,,,,
200,Beausejour,245.0,-33.0,-35.0,29.0,23.0,5680.0,28.0,103.0,430.0,0.6,530.0,180.0,2.0,0.2,0.32,0.41
201,Boissevain,510.0,-32.0,-34.0,30.0,23.0,5500.0,28.0,119.0,390.0,0.5,510.0,180.0,2.2,0.2,0.41,0.52
202,Brandon,395.0,-33.0,-35.0,30.0,22.0,5760.0,28.0,108.0,375.0,0.6,460.0,180.0,2.1,0.2,0.39,0.49
203,Churchill,10.0,-38.0,-40.0,25.0,18.0,8950.0,12.0,76.0,265.0,0.8,410.0,260.0,3.0,0.2,0.43,0.55
204,Dauphin,295.0,-33.0,-35.0,30.0,22.0,5900.0,28.0,103.0,400.0,0.6,490.0,160.0,1.9,0.2,0.32,0.4
205,Flin Flon,300.0,-38.0,-40.0,27.0,20.0,6440.0,18.0,81.0,340.0,0.6,475.0,80.0,2.2,0.2,0.28,0.35
206,Gimli,220.0,-34.0,-36.0,29.0,23.0,5800.0,28.0,108.0,410.0,0.7,530.0,180.0,1.9,0.2,0.32,0.4
207,Island Lake,240.0,-36.0,-38.0,27.0,20.0,6900.0,18.0,86.0,380.0,0.7,550.0,80.0,2.6,0.2,0.29,0.37
208,Lac du Bonnet,260.0,-34.0,-36.0,29.0,23.0,5730.0,28.0,103.0,445.0,0.7,560.0,180.0,1.9,0.2,0.29,0.37
209,Lynn Lake,350.0,-40.0,-42.0,27.0,19.0,7770.0,18.0,86.0,310.0,0.6,490.0,100.0,2.4,0.2,0.29,0.37
210,Morden,300.0,-31.0,-33.0,30.0,24.0,5400.0,28.0,119.0,420.0,0.6,520.0,180.0,2.2,0.2,0.41,0.52
211,Neepawa,365.0,-32.0,-34.0,29.0,23.0,5760.0,28.0,108.0,410.0,0.6,470.0,180.0,2.2,0.2,0.35,0.44
212,Pine Falls,220.0,-34.0,-36.0,28.0,23.0,5900.0,25.0,97.0,440.0,0.7,420.0,180.0,1.9,0.2,0.31,0.39
213,Portage la Prairie,260.0,-31.0,-33.0,30.0,23.0,5600.0,28.0,108.0,390.0,0.5,525.0,180.0,2.1,0.2,0.36,0.46
214,Rivers,465.0,-34.0,-36.0,29.0,23.0,5840.0,28.0,108.0,370.0,0.6,460.0,180.0,2.1,0.2,0.36,0.46
215,Sandilands,365.0,-32.0,-34.0,29.0,23.0,5650.0,28.0,113.0,460.0,0.6,550.0,180.0,2.2,0.2,0.32,0.4
216,Selkirk,225.0,-33.0,-35.0,29.0,23.0,5700.0,28.0,108.0,420.0,0.6,500.0,180.0,1.9,0.2,0.32,0.41
217,Split Lake,175.0,-38.0,-40.0,27.0,19.0,7900.0,18.0,76.0,325.0,0.7,500.0,120.0,2.5,0.2,0.31,0.39
218,Steinbach,270.0,-33.0,-35.0,29.0,23.0,5700.0,28.0,108.0,440.0,0.6,500.0,180.0,2.0,0.2,0.32,0.4
219,Swan River,335.0,-34.0,-37.0,29.0,22.0,6100.0,20.0,92.0,370.0,0.6,500.0,120.0,2.0,0.2,0.28,0.35
220,The Pas,270.0,-36.0,-38.0,28.0,21.0,6480.0,18.0,81.0,330.0,0.6,450.0,160.0,2.2,0.2,0.29,0.37
221,Thompson,205.0,-40.0,-43.0,27.0,19.0,7600.0,18.0,86.0,350.0,0.6,540.0,100.0,2.4,0.2,0.28,0.36
222,Virden,435.0,-33.0,-35.0,30.0,23.0,5620.0,28.0,108.0,350.0,0.5,460.0,180.0,2.0,0.2,0.36,0.46
223,Winnipeg,235.0,-33.0,-35.0,30.0,23.0,5670.0,28.0,108.0,415.0,0.6,500.0,180.0,1.9,0.2,0.36,0.45
224,Ontario,,,,,,,,,,,,,,,,
225,Ailsa Craig,230.0,-17.0,-19.0,30.0,23.0,3840.0,25.0,103.0,800.0,0.9,950.0,180.0,2.2,0.4,0.37,0.48
226,Ajax,95.0,-20.0,-22.0,30.0,23.0,3820.0,23.0,92.0,760.0,0.9,825.0,160.0,1.0,0.4,0.37,0.48
227,Alexandria,80.0,-24.0,-26.0,30.0,23.0,4600.0,25.0,103.0,800.0,0.9,975.0,160.0,2.4,0.4,0.31,0.4
228,Alliston,220.0,-23.0,-25.0,29.0,23.0,4200.0,28.0,113.0,690.0,0.8,875.0,120.0,2.0,0.4,0.28,0.36
229,Almonte,120.0,-26.0,-28.0,30.0,23.0,4620.0,25.0,97.0,730.0,0.8,800.0,140.0,2.5,0.4,0.32,0.41
230,Armstrong,340.0,-37.0,-40.0,28.0,21.0,6500.0,23.0,97.0,525.0,0.8,725.0,100.0,2.7,0.4,0.22,0.3
231,Arnprior,85.0,-27.0,-29.0,30.0,23.0,4680.0,23.0,86.0,630.0,0.8,775.0,140.0,2.5,0.4,0.29,0.37
232,Atikokan,400.0,-33.0,-35.0,29.0,22.0,5750.0,25.0,103.0,570.0,0.8,760.0,100.0,2.4,0.3,0.22,0.3
233,Attawapiskat,10.0,-37.0,-39.0,28.0,21.0,7100.0,18.0,81.0,450.0,0.8,650.0,160.0,2.8,0.3,0.3,0.41
234,Aurora,270.0,-21.0,-23.0,30.0,23.0,4210.0,28.0,108.0,700.0,0.8,800.0,140.0,2.0,0.4,0.34,0.44
235,Bancroft,365.0,-28.0,-31.0,29.0,23.0,4740.0,25.0,92.0,720.0,0.9,900.0,100.0,3.1,0.4,0.25,0.32
236,Barrie,245.0,-24.0,-26.0,29.0,23.0,4380.0,28.0,97.0,700.0,0.8,900.0,120.0,2.5,0.4,0.28,0.36
237,Barriefield,100.0,-22.0,-24.0,28.0,23.0,3990.0,23.0,108.0,780.0,1.0,950.0,160.0,2.1,0.4,0.37,0.47
238,Beaverton,240.0,-24.0,-26.0,30.0,23.0,4300.0,25.0,108.0,720.0,0.9,950.0,120.0,2.2,0.4,0.28,0.36
239,Belleville,90.0,-22.0,-24.0,29.0,23.0,3910.0,23.0,97.0,760.0,0.9,850.0,180.0,1.7,0.4,0.34,0.43
240,Belmont,260.0,-17.0,-19.0,30.0,24.0,3840.0,25.0,97.0,850.0,1.0,950.0,180.0,1.7,0.4,0.37,0.47
241,Borden (CFB),225.0,-23.0,-25.0,29.0,23.0,4300.0,28.0,103.0,690.0,0.82,875.0,120.0,2.2,0.4,0.28,0.36
242,Bracebridge,310.0,-26.0,-28.0,29.0,23.0,4800.0,25.0,103.0,830.0,1.0,1050.0,120.0,3.1,0.4,0.27,0.35
243,Bradford,240.0,-23.0,-25.0,30.0,23.0,4280.0,28.0,108.0,680.0,0.8,800.0,120.0,2.1,0.4,0.28,0.36
244,Brampton,215.0,-19.0,-21.0,30.0,23.0,4100.0,28.0,119.0,720.0,0.8,820.0,140.0,1.3,0.4,0.34,0.44
245,Brantford,205.0,-18.0,-20.0,30.0,23.0,3900.0,23.0,103.0,780.0,0.9,850.0,160.0,1.3,0.4,0.33,0.42
246,Brighton,95.0,-21.0,-23.0,29.0,23.0,4000.0,23.0,94.0,760.0,0.9,850.0,160.0,1.6,0.4,0.37,0.48
247,Brockville,85.0,-23.0,-25.0,29.0,23.0,4060.0,25.0,103.0,770.0,0.9,975.0,180.0,2.2,0.4,0.34,0.44
248,Burk's Falls,305.0,-26.0,-28.0,29.0,22.0,5020.0,25.0,97.0,810.0,0.9,1010.0,120.0,2.7,0.4,0.27,0.35
249,Burlington,80.0,-17.0,-19.0,31.0,23.0,3740.0,23.0,103.0,770.0,0.9,850.0,160.0,1.1,0.4,0.36,0.46
250,Cambridge,295.0,-18.0,-20.0,29.0,23.0,4100.0,25.0,113.0,800.0,0.9,890.0,160.0,1.6,0.4,0.28,0.36
251,Campbellford,150.0,-23.0,-26.0,30.0,23.0,4280.0,25.0,97.0,730.0,0.9,850.0,160.0,1.7,0.4,0.32,0.41
252,Cannington,255.0,-24.0,-26.0,30.0,23.0,4310.0,25.0,108.0,740.0,0.9,950.0,120.0,2.2,0.4,0.28,0.36
253,Carleton Place,135.0,-25.0,-27.0,30.0,23.0,4600.0,25.0,97.0,730.0,0.8,850.0,160.0,2.5,0.4,0.32,0.41
254,Cavan,200.0,-23.0,-25.0,30.0,23.0,4400.0,25.0,97.0,740.0,0.9,850.0,140.0,2.0,0.4,0.34,0.44
255,Centralia,260.0,-17.0,-19.0,30.0,23.0,3800.0,25.0,103.0,820.0,1.0,1000.0,180.0,2.3,0.4,0.37,0.48
256,Chapleau,425.0,-35.0,-38.0,27.0,21.0,5900.0,20.0,97.0,530.0,0.7,850.0,80.0,3.6,0.4,0.23,0.3
257,Chatham,180.0,-16.0,-18.0,31.0,24.0,3470.0,28.0,103.0,800.0,0.9,850.0,180.0,1.0,0.4,0.34,0.43
258,Chesley,275.0,-19.0,-21.0,29.0,22.0,4320.0,28.0,103.0,810.0,0.9,1125.0,140.0,2.8,0.4,0.35,0.45
259,Clinton,280.0,-17.0,-19.0,29.0,23.0,4150.0,25.0,103.0,810.0,0.9,1000.0,160.0,2.6,0.4,0.36,0.46
260,Coboconk,270.0,-25.0,-27.0,30.0,23.0,4500.0,25.0,108.0,740.0,0.9,950.0,120.0,2.5,0.4,0.27,0.35
261,Cobourg,90.0,-21.0,-23.0,29.0,23.0,3980.0,23.0,94.0,760.0,0.9,825.0,160.0,1.2,0.4,0.38,0.49
262,Cochrane,245.0,-34.0,-36.0,29.0,21.0,6200.0,20.0,92.0,575.0,0.8,875.0,80.0,2.8,0.3,0.27,0.35
263,Colborne,105.0,-21.0,-23.0,29.0,23.0,3980.0,23.0,94.0,760.0,0.9,850.0,160.0,1.6,0.4,0.38,0.49
264,Collingwood,190.0,-21.0,-23.0,29.0,23.0,4180.0,28.0,97.0,720.0,0.9,950.0,160.0,2.7,0.4,0.3,0.39
265,Cornwall,35.0,-23.0,-25.0,30.0,23.0,4250.0,25.0,103.0,780.0,0.9,960.0,180.0,2.2,0.4,0.32,0.41
266,Corunna,185.0,-16.0,-18.0,31.0,24.0,3600.0,25.0,100.0,760.0,0.9,800.0,180.0,1.0,0.4,0.37,0.47
267,Deep River,145.0,-29.0,-32.0,30.0,22.0,4900.0,23.0,92.0,650.0,0.8,850.0,100.0,2.5,0.4,0.27,0.35
268,Deseronto,85.0,-22.0,-24.0,29.0,23.0,4070.0,23.0,92.0,760.0,0.9,900.0,160.0,1.9,0.4,0.34,0.43
269,Dorchester,260.0,-18.0,-20.0,30.0,24.0,3900.0,28.0,103.0,850.0,1.0,950.0,180.0,1.9,0.4,0.37,0.47
270,Dorion,200.0,-33.0,-35.0,28.0,21.0,5950.0,20.0,103.0,550.0,0.8,725.0,160.0,2.8,0.4,0.29,0.39
271,Dresden,185.0,-16.0,-18.0,31.0,24.0,3750.0,28.0,97.0,760.0,0.8,820.0,180.0,1.0,0.4,0.34,0.43
272,Dryden,370.0,-34.0,-36.0,28.0,22.0,5850.0,25.0,97.0,550.0,0.7,700.0,120.0,2.4,0.3,0.22,0.3
273,Dundalk,525.0,-22.0,-24.0,29.0,22.0,4700.0,28.0,108.0,750.0,0.9,1080.0,150.0,3.2,0.4,0.33,0.42
274,Dunnville,175.0,-15.0,-17.0,30.0,24.0,3660.0,23.0,108.0,830.0,1.0,950.0,160.0,2.0,0.4,0.36,0.46
275,Durham,340.0,-20.0,-22.0,29.0,22.0,4340.0,28.0,103.0,815.0,0.9,1025.0,140.0,2.8,0.4,0.34,0.44
276,Dutton,225.0,-16.0,-18.0,31.0,24.0,3700.0,28.0,92.0,850.0,1.0,925.0,180.0,1.3,0.4,0.37,0.47
277,Earlton,245.0,-33.0,-36.0,29.0,22.0,5730.0,23.0,92.0,560.0,0.8,820.0,120.0,3.1,0.4,0.35,0.45
278,Edison,365.0,-34.0,-36.0,28.0,22.0,5740.0,25.0,108.0,510.0,0.7,680.0,120.0,2.4,0.3,0.23,0.31
279,Elliot Lake,380.0,-26.0,-28.0,29.0,21.0,4950.0,23.0,108.0,630.0,0.8,950.0,160.0,2.9,0.4,0.3,0.38
280,Elmvale,220.0,-24.0,-26.0,29.0,23.0,4200.0,28.0,97.0,720.0,0.9,950.0,140.0,2.6,0.4,0.28,0.36
281,Embro,310.0,-19.0,-21.0,30.0,23.0,3950.0,28.0,113.0,830.0,0.9,950.0,160.0,2.0,0.4,0.37,0.48
282,Englehart,205.0,-33.0,-36.0,29.0,22.0,5800.0,23.0,92.0,600.0,0.8,880.0,100.0,2.8,0.4,0.32,0.41
283,Espanola,220.0,-25.0,-27.0,29.0,21.0,4920.0,23.0,108.0,650.0,0.8,840.0,160.0,2.3,0.4,0.33,0.42
284,Exeter,265.0,-17.0,-19.0,30.0,23.0,3900.0,25.0,113.0,810.0,0.9,975.0,180.0,2.4,0.4,0.37,0.48
285,Fenelon Falls,260.0,-25.0,-27.0,30.0,23.0,4440.0,25.0,108.0,730.0,0.9,950.0,120.0,2.3,0.4,0.28,0.36
286,Fergus,400.0,-20.0,-22.0,29.0,23.0,4300.0,28.0,108.0,760.0,0.9,925.0,160.0,2.2,0.4,0.28,0.36
287,Forest,215.0,-16.0,-18.0,31.0,23.0,3740.0,25.0,103.0,810.0,1.0,875.0,160.0,2.0,0.4,0.37,0.48
288,Fort Erie,180.0,-15.0,-17.0,30.0,24.0,3650.0,23.0,108.0,860.0,1.0,1020.0,160.0,2.3,0.4,0.36,0.46
289,Fort Erie (Ridgeway),190.0,-15.0,-17.0,30.0,24.0,3600.0,25.0,108.0,860.0,1.0,1000.0,160.0,2.3,0.4,0.36,0.46
290,Fort Frances,340.0,-33.0,-35.0,29.0,22.0,5440.0,25.0,108.0,570.0,0.7,725.0,120.0,2.3,0.3,0.23,0.31
291,Gananoque,80.0,-22.0,-24.0,28.0,23.0,4010.0,23.0,103.0,760.0,0.9,900.0,180.0,2.1,0.4,0.37,0.47
292,Geraldton,345.0,-36.0,-39.0,28.0,21.0,6450.0,20.0,86.0,550.0,0.8,725.0,100.0,2.9,0.4,0.22,0.3
293,Glencoe,215.0,-16.0,-18.0,31.0,24.0,3680.0,28.0,103.0,800.0,0.9,925.0,180.0,1.5,0.4,0.34,0.43
294,Goderich,185.0,-16.0,-18.0,29.0,23.0,4000.0,25.0,92.0,810.0,1.0,950.0,180.0,2.4,0.4,0.37,0.48
295,Gore Bay,205.0,-24.0,-26.0,28.0,22.0,4700.0,23.0,92.0,640.0,0.8,860.0,160.0,2.6,0.4,0.34,0.44
296,Graham,495.0,-35.0,-37.0,29.0,22.0,5940.0,23.0,97.0,570.0,0.8,750.0,140.0,2.6,0.3,0.22,0.3
297,(Muskoka Airport),255.0,-26.0,-28.0,29.0,23.0,4760.0,25.0,103.0,790.0,0.9,1050.0,120.0,2.7,0.4,0.28,0.36
298,Grimsby,85.0,-16.0,-18.0,30.0,23.0,3520.0,23.0,108.0,760.0,0.9,875.0,160.0,0.9,0.4,0.36,0.46
299,Guelph,340.0,-19.0,-21.0,29.0,23.0,4270.0,28.0,103.0,770.0,0.9,875.0,140.0,1.9,0.4,0.28,0.36
300,Guthrie,280.0,-24.0,-26.0,29.0,23.0,4300.0,28.0,103.0,700.0,0.8,950.0,120.0,2.5,0.4,0.28,0.36
301,Haileybury,210.0,-32.0,-35.0,30.0,22.0,5600.0,23.0,92.0,590.0,0.8,820.0,120.0,2.4,0.4,0.34,0.44
302,(Caledonia),190.0,-18.0,-20.0,30.0,23.0,3750.0,23.0,108.0,810.0,0.9,875.0,160.0,1.2,0.4,0.34,0.44
303,Haldimand(Hagersville),215.0,-17.0,-19.0,30.0,23.0,3760.0,25.0,97.0,840.0,1.0,875.0,160.0,1.3,0.4,0.36,0.46
304,Haliburton,335.0,-27.0,-29.0,29.0,23.0,4840.0,25.0,92.0,780.0,0.9,980.0,100.0,2.9,0.4,0.27,0.35
305,Halton Hills(Georgetown),255.0,-19.0,-21.0,30.0,23.0,4200.0,28.0,119.0,750.0,0.8,850.0,140.0,1.4,0.4,0.29,0.37
306,Hamilton,90.0,-17.0,-19.0,31.0,23.0,3460.0,23.0,108.0,810.0,0.9,875.0,160.0,1.1,0.4,0.36,0.46
307,Hanover,270.0,-19.0,-21.0,29.0,22.0,4300.0,28.0,103.0,790.0,0.9,1050.0,140.0,2.6,0.4,0.34,0.44
308,Hastings,200.0,-24.0,-26.0,30.0,23.0,4280.0,25.0,92.0,730.0,0.9,840.0,140.0,2.0,0.4,0.32,0.41
309,Hawkesbury,50.0,-25.0,-27.0,30.0,23.0,4610.0,23.0,103.0,800.0,0.9,925.0,160.0,2.3,0.4,0.32,0.41
310,Hearst,245.0,-35.0,-37.0,29.0,21.0,6450.0,20.0,86.0,520.0,0.7,825.0,80.0,2.8,0.3,0.23,0.3
311,Harbour,180.0,-24.0,-26.0,29.0,23.0,4300.0,25.0,97.0,710.0,0.9,1050.0,160.0,2.7,0.4,0.3,0.39
312,Hornepayne,360.0,-37.0,-40.0,28.0,21.0,6340.0,20.0,93.0,420.0,0.7,750.0,80.0,3.3,0.4,0.22,0.3
313,Huntsville,335.0,-26.0,-29.0,29.0,22.0,4850.0,25.0,103.0,800.0,0.9,1000.0,120.0,2.9,0.4,0.27,0.35
314,Ingersoll,280.0,-18.0,-20.0,30.0,23.0,3920.0,28.0,108.0,840.0,1.0,950.0,180.0,1.7,0.4,0.37,0.48
315,Iroquois Falls,275.0,-33.0,-36.0,29.0,21.0,6100.0,20.0,86.0,575.0,0.8,825.0,100.0,2.9,0.3,0.29,0.37
316,Jellicoe,330.0,-36.0,-39.0,28.0,21.0,6400.0,20.0,86.0,550.0,0.8,750.0,100.0,2.7,0.4,0.22,0.3
317,Kapuskasing,245.0,-34.0,-36.0,29.0,21.0,6250.0,20.0,86.0,550.0,0.8,825.0,100.0,3.0,0.3,0.24,0.31
318,Kemptville,90.0,-25.0,-27.0,30.0,23.0,4540.0,25.0,92.0,750.0,0.9,925.0,160.0,2.3,0.4,0.32,0.41
319,Kenora,370.0,-33.0,-35.0,28.0,22.0,5630.0,25.0,113.0,515.0,0.6,630.0,120.0,2.5,0.3,0.23,0.31
320,Killaloe,185.0,-28.0,-31.0,30.0,22.0,4960.0,23.0,86.0,680.0,0.8,825.0,120.0,2.7,0.4,0.27,0.35
321,Kincardine,190.0,-17.0,-19.0,28.0,22.0,3890.0,25.0,92.0,800.0,1.0,950.0,180.0,2.6,0.4,0.37,0.48
322,Kingston,80.0,-22.0,-24.0,28.0,23.0,4000.0,23.0,108.0,780.0,1.0,950.0,180.0,2.1,0.4,0.37,0.47
323,Kinmount,295.0,-26.0,-28.0,29.0,23.0,4600.0,25.0,108.0,750.0,0.9,950.0,120.0,2.7,0.4,0.27,0.35
324,Kirkland Lake,325.0,-33.0,-36.0,29.0,22.0,6000.0,23.0,92.0,600.0,0.8,875.0,100.0,2.9,0.3,0.3,0.39
325,Kitchener,335.0,-19.0,-21.0,29.0,23.0,4200.0,28.0,119.0,780.0,0.9,925.0,140.0,2.0,0.4,0.29,0.37
326,Big Trout Lake,215.0,-38.0,-40.0,26.0,20.0,7450.0,18.0,92.0,400.0,0.75,600.0,150.0,3.2,0.2,0.31,0.42
327,Lakefield,240.0,-24.0,-26.0,30.0,23.0,4330.0,25.0,92.0,720.0,0.9,850.0,140.0,2.2,0.4,0.3,0.38
328,Lansdowne House,240.0,-38.0,-40.0,28.0,21.0,7150.0,23.0,92.0,500.0,0.8,680.0,140.0,3.0,0.2,0.24,0.32
329,Leamington,190.0,-15.0,-17.0,31.0,24.0,3400.0,28.0,113.0,800.0,0.9,875.0,180.0,0.8,0.4,0.37,0.47
330,Lindsay,265.0,-24.0,-26.0,30.0,23.0,4320.0,25.0,103.0,720.0,0.8,850.0,140.0,2.3,0.4,0.3,0.38
331,Lion's Head,185.0,-19.0,-21.0,27.0,22.0,4300.0,25.0,103.0,700.0,0.9,950.0,180.0,2.7,0.4,0.37,0.48
332,Listowel,380.0,-19.0,-21.0,29.0,23.0,4300.0,28.0,119.0,800.0,0.9,1000.0,160.0,2.6,0.4,0.34,0.43
333,London,245.0,-18.0,-20.0,30.0,24.0,3900.0,28.0,103.0,825.0,0.9,975.0,180.0,1.9,0.4,0.37,0.47
334,Lucan,300.0,-17.0,-19.0,30.0,23.0,3900.0,25.0,113.0,810.0,0.9,1000.0,180.0,2.3,0.4,0.37,0.48
335,Maitland,85.0,-23.0,-25.0,29.0,23.0,4080.0,25.0,103.0,770.0,0.9,975.0,180.0,2.2,0.4,0.34,0.44
336,Markdale,425.0,-20.0,-22.0,29.0,22.0,4500.0,28.0,103.0,820.0,0.9,1050.0,160.0,3.2,0.4,0.32,0.41
337,Markham,175.0,-21.0,-23.0,31.0,24.0,4000.0,25.0,86.0,720.0,0.8,825.0,140.0,1.3,0.4,0.34,0.44
338,Martin,485.0,-35.0,-37.0,29.0,22.0,5900.0,25.0,103.0,560.0,0.8,750.0,120.0,2.6,0.3,0.22,0.3
339,Matheson,265.0,-33.0,-36.0,29.0,21.0,6080.0,20.0,86.0,580.0,0.8,825.0,100.0,2.8,0.3,0.3,0.39
340,Mattawa,165.0,-29.0,-31.0,30.0,22.0,5050.0,23.0,86.0,700.0,0.9,875.0,100.0,2.1,0.4,0.25,0.32
341,Midland,190.0,-24.0,-26.0,29.0,23.0,4200.0,25.0,97.0,740.0,0.9,1060.0,160.0,2.7,0.4,0.3,0.39
342,Milton,200.0,-18.0,-20.0,30.0,23.0,3920.0,25.0,125.0,750.0,0.9,850.0,160.0,1.3,0.4,0.34,0.43
343,Milverton,370.0,-19.0,-21.0,29.0,23.0,4200.0,28.0,108.0,800.0,0.9,1050.0,160.0,2.4,0.4,0.34,0.43
344,Minden,270.0,-27.0,-29.0,29.0,23.0,4640.0,25.0,97.0,780.0,0.9,1010.0,100.0,2.7,0.4,0.27,0.35
345,Mississauga,160.0,-18.0,-20.0,30.0,23.0,3880.0,25.0,113.0,720.0,0.9,800.0,160.0,1.1,0.4,0.34,0.44
346,Mississauga (Lester B.Pearson Int'l Airport),170.0,-20.0,-22.0,31.0,24.0,3890.0,26.0,108.0,685.0,0.8,790.0,160.0,1.1,0.4,0.34,0.44
347,Mississauga(Port Credit),75.0,-18.0,-20.0,29.0,23.0,3780.0,25.0,108.0,720.0,0.9,800.0,160.0,0.9,0.4,0.37,0.48
348,Mitchell,335.0,-18.0,-20.0,29.0,23.0,4100.0,28.0,113.0,810.0,0.9,1050.0,160.0,2.4,0.4,0.35,0.45
349,Moosonee,10.0,-36.0,-38.0,28.0,22.0,6800.0,18.0,81.0,500.0,0.8,700.0,160.0,2.7,0.3,0.26,0.35
350,Morrisburg,75.0,-23.0,-25.0,30.0,23.0,4370.0,25.0,103.0,800.0,0.9,950.0,180.0,2.3,0.4,0.32,0.41
351,Mount Forest,420.0,-21.0,-24.0,28.0,22.0,4700.0,28.0,103.0,740.0,0.9,940.0,140.0,2.7,0.4,0.32,0.41
352,Nakina,325.0,-36.0,-38.0,28.0,21.0,6500.0,20.0,86.0,540.0,0.8,750.0,100.0,2.8,0.4,0.22,0.3
353,(Jarvis),205.0,-17.0,-18.0,30.0,23.0,3700.0,28.0,108.0,840.0,1.0,900.0,160.0,1.4,0.4,0.37,0.48
354,Nanticoke (Port Dover),180.0,-15.0,-17.0,30.0,24.0,3600.0,25.0,108.0,860.0,1.0,950.0,140.0,1.2,0.4,0.37,0.48
355,Napanee,90.0,-22.0,-24.0,29.0,23.0,4140.0,23.0,92.0,770.0,0.9,900.0,160.0,1.9,0.4,0.34,0.43
356,Newcastle,115.0,-20.0,-22.0,30.0,23.0,3990.0,23.0,86.0,760.0,0.9,830.0,160.0,1.5,0.4,0.37,0.48
357,Newcastle(Bowmanville),95.0,-20.0,-22.0,30.0,23.0,4000.0,23.0,86.0,760.0,0.9,830.0,160.0,1.4,0.4,0.37,0.48
358,New Liskeard,180.0,-32.0,-35.0,30.0,22.0,5570.0,23.0,92.0,570.0,0.8,810.0,100.0,2.6,0.4,0.34,0.43
359,Newmarket,185.0,-22.0,-24.0,30.0,23.0,4260.0,28.0,108.0,700.0,0.8,800.0,140.0,2.0,0.4,0.3,0.38
360,Niagara Falls,210.0,-16.0,-18.0,30.0,23.0,3600.0,23.0,96.0,810.0,0.9,950.0,160.0,1.8,0.4,0.34,0.43
361,North Bay,210.0,-28.0,-30.0,28.0,22.0,5150.0,25.0,95.0,775.0,0.9,975.0,120.0,2.2,0.4,0.27,0.34
362,Norwood,225.0,-24.0,-26.0,30.0,23.0,4320.0,25.0,92.0,720.0,0.8,850.0,120.0,2.1,0.4,0.32,0.41
363,Oakville,90.0,-18.0,-20.0,30.0,23.0,3760.0,23.0,97.0,750.0,0.9,850.0,160.0,1.1,0.4,0.37,0.47
364,Orangeville,430.0,-21.0,-23.0,29.0,23.0,4450.0,28.0,108.0,730.0,0.8,875.0,140.0,2.3,0.4,0.28,0.36
365,Orillia,230.0,-25.0,-27.0,29.0,23.0,4260.0,25.0,103.0,740.0,0.9,1000.0,120.0,2.4,0.4,0.28,0.36
366,Oshawa,110.0,-19.0,-21.0,30.0,23.0,3860.0,23.0,86.0,760.0,0.9,875.0,160.0,1.4,0.4,0.37,0.48
367,Ottawa (Barrhaven),98.0,-25.0,-27.0,30.0,23.0,4500.0,25.0,92.0,750.0,0.8,900.0,160.0,2.4,0.4,0.32,0.41
368,Ottawa (City Hall),70.0,-25.0,-27.0,30.0,23.0,4440.0,23.0,86.0,750.0,0.8,900.0,160.0,2.4,0.4,0.32,0.41
369,Ottawa (Kanata),98.0,-25.0,-27.0,30.0,23.0,4520.0,25.0,92.0,730.0,0.8,900.0,160.0,2.5,0.4,0.32,0.41
370,Airport),125.0,-25.0,-27.0,30.0,23.0,4500.0,24.0,89.0,750.0,0.8,900.0,160.0,2.4,0.4,0.32,0.41
371,Ottawa (Orléans),70.0,-26.0,-28.0,30.0,23.0,4500.0,23.0,91.0,750.0,0.8,900.0,160.0,2.4,0.4,0.32,0.41
372,Owen Sound,215.0,-19.0,-21.0,29.0,22.0,4030.0,28.0,113.0,760.0,0.9,1075.0,160.0,2.8,0.4,0.34,0.44
373,Pagwa River,185.0,-35.0,-37.0,28.0,21.0,6500.0,20.0,86.0,540.0,0.8,825.0,80.0,2.7,0.4,0.22,0.3
374,Paris,245.0,-18.0,-20.0,30.0,23.0,4000.0,23.0,96.0,790.0,0.9,925.0,160.0,1.4,0.4,0.33,0.42
375,Parkhill,205.0,-16.0,-18.0,31.0,23.0,3800.0,25.0,103.0,800.0,0.9,925.0,180.0,2.1,0.4,0.37,0.48
376,Parry Sound,215.0,-24.0,-26.0,28.0,22.0,4640.0,23.0,97.0,820.0,1.0,1050.0,160.0,2.8,0.4,0.3,0.39
377,Pelham (Fonthill),230.0,-15.0,-17.0,30.0,23.0,3690.0,23.0,96.0,820.0,0.9,950.0,160.0,2.1,0.4,0.33,0.42
378,Pembroke,125.0,-28.0,-31.0,30.0,23.0,4980.0,23.0,105.0,640.0,0.8,825.0,100.0,2.5,0.4,0.27,0.35
379,Penetanguishene,220.0,-24.0,-26.0,29.0,23.0,4200.0,25.0,97.0,720.0,0.9,1050.0,160.0,2.8,0.4,0.3,0.39
380,Perth,130.0,-25.0,-27.0,30.0,23.0,4540.0,25.0,92.0,730.0,0.8,900.0,140.0,2.3,0.4,0.32,0.41
381,Petawawa,135.0,-29.0,-31.0,30.0,23.0,4980.0,23.0,92.0,640.0,0.8,825.0,100.0,2.6,0.4,0.27,0.35
382,Peterborough,200.0,-23.0,-25.0,30.0,23.0,4400.0,25.0,92.0,710.0,0.8,840.0,140.0,2.0,0.4,0.32,0.41
383,Petrolia,195.0,-16.0,-18.0,31.0,24.0,3640.0,25.0,108.0,810.0,0.9,920.0,180.0,1.3,0.4,0.37,0.47
384,(Dunbarton),85.0,-19.0,-21.0,30.0,23.0,3800.0,23.0,92.0,730.0,0.9,825.0,140.0,1.0,0.4,0.37,0.48
385,Picton,95.0,-21.0,-23.0,29.0,23.0,3980.0,23.0,92.0,770.0,0.9,940.0,160.0,2.0,0.4,0.38,0.49
386,Plattsville,300.0,-19.0,-21.0,29.0,23.0,4150.0,28.0,103.0,820.0,0.9,950.0,140.0,1.9,0.4,0.33,0.42
387,Point Alexander,150.0,-29.0,-32.0,30.0,22.0,4960.0,23.0,92.0,650.0,0.8,850.0,100.0,2.5,0.4,0.27,0.35
388,Port Burwell,195.0,-15.0,-17.0,30.0,24.0,3800.0,25.0,92.0,930.0,1.1,1000.0,180.0,1.2,0.4,0.37,0.47
389,Port Colborne,180.0,-15.0,-17.0,30.0,24.0,3600.0,23.0,108.0,850.0,1.0,1000.0,160.0,2.1,0.4,0.36,0.46
390,Port Elgin,205.0,-17.0,-19.0,28.0,22.0,4100.0,25.0,92.0,790.0,0.9,850.0,180.0,2.8,0.4,0.37,0.48
391,Port Hope,100.0,-21.0,-23.0,29.0,23.0,3970.0,23.0,94.0,760.0,0.9,825.0,180.0,1.2,0.4,0.37,0.48
392,Port Perry,270.0,-22.0,-24.0,30.0,23.0,4260.0,25.0,97.0,720.0,0.8,850.0,140.0,2.4,0.4,0.34,0.44
393,Port Stanley,180.0,-15.0,-17.0,31.0,24.0,3850.0,25.0,92.0,940.0,1.1,975.0,180.0,1.2,0.4,0.37,0.47
394,Prescott,90.0,-23.0,-25.0,29.0,23.0,4120.0,25.0,103.0,770.0,0.9,975.0,180.0,2.2,0.4,0.34,0.44
395,Princeton,280.0,-18.0,-20.0,30.0,23.0,4000.0,25.0,97.0,810.0,0.9,925.0,160.0,1.5,0.4,0.33,0.42
396,Raith,475.0,-34.0,-37.0,28.0,22.0,5900.0,23.0,97.0,570.0,0.8,750.0,120.0,2.7,0.4,0.22,0.3
397,(Chelmsford),270.0,-28.0,-30.0,29.0,21.0,5200.0,25.0,92.0,650.0,0.8,850.0,180.0,2.5,0.4,0.35,0.45
398,Red Lake,360.0,-35.0,-37.0,28.0,21.0,6220.0,20.0,92.0,470.0,0.7,630.0,120.0,2.6,0.3,0.22,0.3
399,Renfrew,115.0,-27.0,-30.0,30.0,23.0,4900.0,23.0,97.0,620.0,0.8,810.0,140.0,2.5,0.4,0.27,0.35
400,Richmond Hill,230.0,-21.0,-23.0,31.0,24.0,4000.0,25.0,97.0,740.0,0.8,850.0,140.0,1.5,0.4,0.34,0.44
401,Rockland,50.0,-26.0,-28.0,30.0,23.0,4600.0,23.0,92.0,780.0,0.9,950.0,160.0,2.4,0.4,0.31,0.4
402,Sarnia,190.0,-16.0,-18.0,31.0,24.0,3750.0,25.0,100.0,750.0,0.9,825.0,180.0,1.1,0.4,0.37,0.47
403,S a u l tS t e .M a r i e,190.0,-25.0,-28.0,29.0,22.0,4960.0,23.0,97.0,660.0,0.9,950.0,200.0,3.1,0.4,0.33,0.44
404,Schreiber,310.0,-34.0,-36.0,27.0,21.0,5960.0,20.0,103.0,600.0,0.8,850.0,160.0,3.3,0.4,0.29,0.39
405,Seaforth,310.0,-17.0,-19.0,30.0,23.0,4100.0,25.0,108.0,810.0,0.9,1025.0,160.0,2.5,0.4,0.35,0.45
406,Shelburne,495.0,-22.0,-24.0,29.0,23.0,4700.0,28.0,108.0,740.0,0.9,900.0,150.0,3.1,0.4,0.31,0.4
407,Simcoe,210.0,-17.0,-19.0,30.0,24.0,3700.0,28.0,113.0,860.0,1.0,950.0,160.0,1.3,0.4,0.35,0.45
408,Sioux Lookout,375.0,-34.0,-36.0,28.0,22.0,5950.0,25.0,97.0,520.0,0.7,710.0,100.0,2.6,0.3,0.22,0.3
409,Smiths Falls,130.0,-25.0,-27.0,30.0,23.0,4540.0,25.0,92.0,730.0,0.8,850.0,140.0,2.3,0.4,0.32,0.41
410,Smithville,185.0,-16.0,-18.0,30.0,23.0,3650.0,23.0,108.0,800.0,0.9,900.0,160.0,1.5,0.4,0.33,0.42
411,Smooth Rock Falls,235.0,-34.0,-36.0,29.0,21.0,6250.0,20.0,92.0,560.0,0.8,850.0,80.0,2.7,0.3,0.25,0.32
412,Southampton,180.0,-17.0,-19.0,28.0,22.0,4100.0,25.0,92.0,800.0,1.0,830.0,180.0,2.7,0.4,0.37,0.48
413,South River,355.0,-27.0,-29.0,29.0,22.0,5090.0,25.0,103.0,830.0,1.0,975.0,120.0,2.8,0.4,0.27,0.35
414,St. Catharines,105.0,-16.0,-18.0,30.0,23.0,3540.0,23.0,92.0,770.0,0.9,850.0,160.0,1.0,0.4,0.36,0.46
415,St. Marys,310.0,-18.0,-20.0,30.0,23.0,4000.0,28.0,108.0,820.0,1.0,1025.0,160.0,2.2,0.4,0.37,0.47
416,St. Thomas,225.0,-16.0,-18.0,31.0,24.0,3780.0,25.0,103.0,900.0,1.0,975.0,180.0,1.4,0.4,0.37,0.47
417,Stirling,120.0,-23.0,-25.0,30.0,23.0,4220.0,25.0,97.0,740.0,0.9,850.0,120.0,1.7,0.4,0.31,0.4
418,Stratford,360.0,-18.0,-20.0,29.0,23.0,4050.0,28.0,113.0,820.0,1.0,1050.0,160.0,2.3,0.4,0.35,0.45
419,Strathroy,225.0,-17.0,-19.0,31.0,24.0,3780.0,25.0,103.0,770.0,0.9,950.0,180.0,1.9,0.4,0.37,0.47
420,Sturgeon Falls,205.0,-28.0,-30.0,29.0,21.0,5200.0,25.0,95.0,700.0,0.9,910.0,140.0,2.4,0.4,0.27,0.35
421,Sudbury,275.0,-28.0,-30.0,29.0,21.0,5180.0,25.0,97.0,650.0,0.8,875.0,200.0,2.5,0.4,0.36,0.46
422,Sundridge,340.0,-27.0,-29.0,29.0,22.0,5080.0,25.0,97.0,840.0,1.0,975.0,120.0,2.8,0.4,0.27,0.35
423,Tavistock,340.0,-19.0,-21.0,29.0,23.0,4100.0,28.0,113.0,820.0,1.0,1010.0,160.0,2.1,0.4,0.35,0.45
424,Temagami,300.0,-30.0,-33.0,30.0,22.0,5420.0,23.0,92.0,650.0,0.8,875.0,120.0,2.6,0.4,0.29,0.37
425,Thamesford,280.0,-19.0,-21.0,30.0,23.0,3950.0,28.0,108.0,820.0,0.9,975.0,160.0,1.9,0.4,0.37,0.48
426,Thedford,205.0,-16.0,-18.0,31.0,23.0,3710.0,25.0,103.0,810.0,1.0,900.0,180.0,2.1,0.4,0.37,0.48
427,Thunder Bay,210.0,-31.0,-33.0,29.0,21.0,5650.0,23.0,108.0,560.0,0.8,710.0,160.0,2.9,0.4,0.29,0.39
428,Tillsonburg,215.0,-17.0,-19.0,30.0,24.0,3840.0,25.0,103.0,880.0,1.0,980.0,160.0,1.3,0.4,0.34,0.44
429,Timmins,300.0,-34.0,-36.0,29.0,21.0,5940.0,20.0,108.0,560.0,0.8,875.0,100.0,3.1,0.3,0.27,0.35
430,Timmins (Porcupine),295.0,-34.0,-36.0,29.0,21.0,6000.0,20.0,103.0,560.0,0.8,875.0,100.0,2.9,0.3,0.29,0.37
431,Region,,,,,,,,,,,,,,,,
432,Etobicoke,160.0,-20.0,-22.0,31.0,24.0,3800.0,26.0,108.0,720.0,0.8,800.0,160.0,1.1,0.4,0.34,0.44
433,North York,175.0,-20.0,-22.0,31.0,24.0,3760.0,25.0,108.0,730.0,0.8,850.0,150.0,1.2,0.4,0.34,0.44
434,Scarborough,180.0,-20.0,-22.0,31.0,24.0,3800.0,25.0,92.0,730.0,0.9,825.0,160.0,1.2,0.4,0.37,0.47
435,Toronto (City Hall),90.0,-18.0,-20.0,31.0,23.0,3520.0,25.0,97.0,720.0,0.9,820.0,160.0,0.9,0.4,0.34,0.44
436,Trenton,80.0,-22.0,-24.0,29.0,23.0,4110.0,23.0,97.0,760.0,0.9,850.0,160.0,1.6,0.4,0.37,0.47
437,Trout Creek,330.0,-27.0,-29.0,29.0,22.0,5100.0,25.0,103.0,780.0,0.9,975.0,120.0,2.7,0.4,0.27,0.35
438,Uxbridge,275.0,-22.0,-24.0,30.0,23.0,4240.0,25.0,103.0,700.0,0.8,850.0,140.0,2.4,0.4,0.33,0.42
439,(Woodbridge),165.0,-20.0,-22.0,31.0,24.0,4100.0,26.0,113.0,700.0,0.8,800.0,140.0,1.1,0.4,0.34,0.44
440,Vittoria,215.0,-15.0,-17.0,30.0,24.0,3680.0,25.0,113.0,880.0,1.0,950.0,160.0,1.3,0.4,0.37,0.47
441,Walkerton,275.0,-18.0,-20.0,30.0,22.0,4300.0,28.0,103.0,790.0,0.9,1025.0,160.0,2.7,0.4,0.36,0.46
442,Wallaceburg,180.0,-16.0,-18.0,31.0,24.0,3600.0,28.0,97.0,760.0,0.9,825.0,180.0,0.9,0.4,0.35,0.45
443,Waterloo,330.0,-19.0,-21.0,29.0,23.0,4200.0,28.0,119.0,780.0,0.9,925.0,160.0,2.0,0.4,0.29,0.37
444,Watford,240.0,-17.0,-19.0,31.0,24.0,3740.0,25.0,108.0,790.0,0.9,950.0,160.0,1.9,0.4,0.37,0.47
445,Wawa,290.0,-34.0,-36.0,26.0,21.0,5840.0,20.0,93.0,725.0,0.9,950.0,160.0,3.4,0.4,0.3,0.39
446,Welland,180.0,-15.0,-17.0,30.0,23.0,3670.0,23.0,103.0,840.0,1.0,975.0,160.0,2.0,0.4,0.34,0.43
447,West Lorne,215.0,-16.0,-18.0,31.0,24.0,3700.0,28.0,103.0,840.0,1.0,900.0,180.0,1.3,0.4,0.37,0.47
448,Whitby,85.0,-20.0,-22.0,30.0,23.0,3820.0,23.0,86.0,760.0,0.9,850.0,160.0,1.2,0.4,0.37,0.48
449,Whitby (Brooklin),160.0,-20.0,-22.0,30.0,23.0,4010.0,23.0,86.0,770.0,0.9,850.0,140.0,1.9,0.4,0.35,0.45
450,White River,375.0,-39.0,-42.0,28.0,21.0,6150.0,20.0,92.0,575.0,0.8,825.0,100.0,3.6,0.4,0.22,0.3
451,Wiarton,185.0,-19.0,-21.0,29.0,22.0,4300.0,25.0,103.0,740.0,0.9,1000.0,180.0,2.7,0.4,0.34,0.44
452,Windsor,185.0,-16.0,-18.0,32.0,24.0,3400.0,28.0,103.0,800.0,0.9,900.0,180.0,0.8,0.4,0.37,0.47
453,Wingham,310.0,-18.0,-20.0,30.0,23.0,4220.0,28.0,108.0,780.0,0.9,1050.0,160.0,2.6,0.4,0.36,0.46
454,Woodstock,300.0,-19.0,-21.0,30.0,23.0,3910.0,28.0,113.0,830.0,0.9,930.0,160.0,1.9,0.4,0.34,0.44
455,Wyoming,215.0,-16.0,-18.0,31.0,24.0,3700.0,25.0,103.0,815.0,0.9,900.0,180.0,1.6,0.4,0.37,0.47
456,Quebec,,,,,,,,,,,,,,,,
457,Acton Vale,95.0,-24.0,-27.0,30.0,23.0,4620.0,21.0,107.0,860.0,1.0,1050.0,180.0,2.3,0.4,0.27,0.35
458,Alma,110.0,-31.0,-33.0,28.0,22.0,5800.0,20.0,91.0,700.0,0.9,950.0,160.0,3.3,0.4,0.27,0.35
459,Amos,295.0,-34.0,-36.0,28.0,21.0,6160.0,20.0,91.0,670.0,0.9,920.0,100.0,3.2,0.3,0.25,0.32
460,Asbestos,245.0,-26.0,-28.0,29.0,22.0,4800.0,23.0,96.0,870.0,1.0,1050.0,160.0,2.8,0.6,0.27,0.35
461,Aylmer,90.0,-25.0,-28.0,30.0,23.0,4520.0,23.0,91.0,730.0,0.8,900.0,160.0,2.5,0.4,0.32,0.41
462,Baie-Comeau,60.0,-27.0,-29.0,25.0,19.0,6020.0,16.0,91.0,680.0,1.0,1000.0,220.0,4.3,0.4,0.39,0.5
463,Baie-Saint-Paul,20.0,-27.0,-29.0,28.0,21.0,5280.0,18.0,102.0,730.0,0.9,1000.0,180.0,3.4,0.6,0.37,0.48
464,Beauport,45.0,-26.0,-29.0,28.0,22.0,5100.0,20.0,107.0,980.0,1.1,1200.0,200.0,3.4,0.6,0.33,0.42
465,Bedford,55.0,-24.0,-26.0,29.0,23.0,4420.0,23.0,91.0,880.0,1.0,1260.0,160.0,2.1,0.4,0.29,0.37
466,Beloeil,25.0,-24.0,-26.0,30.0,23.0,4500.0,23.0,91.0,840.0,1.0,1025.0,180.0,2.4,0.4,0.29,0.37
467,Brome,210.0,-25.0,-27.0,29.0,23.0,4730.0,23.0,96.0,990.0,1.1,1240.0,160.0,2.5,0.4,0.29,0.37
468,Brossard,15.0,-24.0,-26.0,30.0,23.0,4420.0,23.0,91.0,800.0,0.9,1025.0,180.0,2.4,0.4,0.34,0.44
469,Buckingham,130.0,-26.0,-28.0,30.0,23.0,4880.0,23.0,91.0,810.0,0.9,990.0,160.0,2.6,0.4,0.31,0.4
470,Campbell's Bay,115.0,-28.0,-30.0,30.0,23.0,4900.0,23.0,96.0,700.0,0.8,850.0,140.0,2.6,0.4,0.25,0.32
471,Chambly,20.0,-24.0,-26.0,30.0,23.0,4450.0,23.0,91.0,850.0,1.0,1000.0,160.0,2.3,0.4,0.31,0.4
472,Coaticook,295.0,-25.0,-27.0,28.0,22.0,4750.0,23.0,96.0,860.0,1.0,1060.0,160.0,2.3,0.6,0.27,0.35
473,Contrecoeur,10.0,-25.0,-27.0,30.0,23.0,4500.0,20.0,102.0,810.0,0.9,1000.0,180.0,2.8,0.4,0.34,0.43
474,Cowansville,120.0,-25.0,-27.0,29.0,23.0,4540.0,23.0,91.0,940.0,1.0,1150.0,160.0,2.3,0.4,0.29,0.37
475,Deux-Montagnes,25.0,-25.0,-27.0,29.0,23.0,4440.0,23.0,96.0,820.0,0.9,1025.0,160.0,2.4,0.4,0.29,0.37
476,Dolbeau,120.0,-32.0,-34.0,28.0,22.0,6250.0,22.0,91.0,670.0,0.9,900.0,140.0,3.5,0.3,0.27,0.35
477,Drummondville,85.0,-26.0,-28.0,30.0,23.0,4700.0,22.0,107.0,870.0,1.0,1075.0,180.0,2.5,0.4,0.27,0.35
478,Farnham,60.0,-24.0,-26.0,29.0,23.0,4500.0,23.0,96.0,910.0,1.0,1050.0,180.0,2.5,0.4,0.29,0.37
479,Fort-Coulonge,110.0,-28.0,-30.0,30.0,23.0,4950.0,23.0,96.0,720.0,0.9,900.0,100.0,2.5,0.4,0.25,0.32
480,Gagnon,545.0,-34.0,-36.0,24.0,19.0,7600.0,17.0,80.0,580.0,0.9,925.0,140.0,4.6,0.4,0.3,0.39
481,Gaspé,55.0,-25.0,-26.0,26.0,20.0,5500.0,19.0,118.0,760.0,1.0,1100.0,300.0,4.3,0.6,0.37,0.48
482,Gatineau,95.0,-25.0,-28.0,30.0,23.0,4600.0,23.0,91.0,790.0,0.9,950.0,160.0,2.5,0.4,0.32,0.41
483,Gracefield,175.0,-28.0,-31.0,30.0,23.0,5080.0,23.0,96.0,700.0,0.9,950.0,140.0,2.6,0.4,0.25,0.32
484,Granby,120.0,-25.0,-27.0,29.0,23.0,4500.0,23.0,102.0,940.0,1.0,1175.0,160.0,2.3,0.4,0.27,0.35
485,Harrington Harbour,30.0,-27.0,-29.0,19.0,16.0,6150.0,15.0,96.0,900.0,1.2,1150.0,300.0,4.9,0.6,0.56,0.72
486,Havre-Saint-Pierre,5.0,-27.0,-29.0,22.0,18.0,6100.0,15.0,96.0,780.0,1.1,1125.0,300.0,4.1,0.6,0.49,0.63
487,Hemmingford,75.0,-24.0,-26.0,30.0,23.0,4380.0,23.0,91.0,770.0,0.9,1025.0,160.0,2.4,0.4,0.31,0.4
488,Hull,65.0,-25.0,-28.0,30.0,23.0,4550.0,23.0,91.0,730.0,0.8,900.0,160.0,2.4,0.4,0.32,0.41
489,Iberville,35.0,-24.0,-26.0,29.0,23.0,4450.0,23.0,91.0,880.0,1.0,1010.0,160.0,2.2,0.4,0.32,0.41
490,Inukjuak,5.0,-36.0,-38.0,21.0,15.0,9150.0,9.0,54.0,270.0,0.9,420.0,240.0,4.1,0.2,0.37,0.48
491,Joliette,45.0,-26.0,-28.0,29.0,23.0,4720.0,21.0,102.0,790.0,0.9,1000.0,160.0,3.1,0.4,0.28,0.36
492,Kuujjuaq,25.0,-37.0,-39.0,24.0,17.0,8550.0,9.0,54.0,280.0,0.8,525.0,260.0,4.8,0.2,0.47,0.6
493,Kuujjuarapik,20.0,-36.0,-38.0,25.0,17.0,7990.0,12.0,80.0,410.0,0.9,610.0,180.0,4.2,0.3,0.37,0.48
494,Lachute,65.0,-26.0,-28.0,29.0,23.0,4640.0,23.0,96.0,910.0,1.0,1075.0,160.0,2.4,0.4,0.31,0.4
495,Lac-Mégantic,420.0,-27.0,-29.0,27.0,22.0,5180.0,23.0,91.0,790.0,0.9,1025.0,160.0,3.2,0.6,0.27,0.35
496,La Malbaie,25.0,-26.0,-28.0,28.0,21.0,5400.0,18.0,102.0,640.0,0.8,900.0,180.0,3.1,0.6,0.37,0.48
497,La Pocatière,55.0,-24.0,-26.0,28.0,22.0,5160.0,18.0,102.0,675.0,0.9,965.0,180.0,3.2,0.6,0.39,0.5
498,La Tuque,165.0,-30.0,-32.0,29.0,22.0,5500.0,23.0,96.0,720.0,0.9,930.0,160.0,3.4,0.4,0.27,0.35
499,Lennoxville,155.0,-28.0,-30.0,29.0,22.0,4700.0,23.0,96.0,850.0,1.0,1100.0,160.0,2.1,0.6,0.25,0.32
500,Léry,30.0,-24.0,-26.0,29.0,23.0,4420.0,23.0,91.0,800.0,0.9,950.0,180.0,2.3,0.4,0.33,0.42
501,Loretteville,100.0,-26.0,-29.0,28.0,22.0,5200.0,20.0,102.0,980.0,1.1,1225.0,200.0,3.7,0.6,0.32,0.41
502,Louiseville,15.0,-25.0,-28.0,29.0,23.0,4900.0,20.0,102.0,800.0,0.9,1025.0,160.0,2.9,0.4,0.34,0.43
503,Magog,215.0,-26.0,-28.0,29.0,23.0,4730.0,23.0,96.0,860.0,1.0,1125.0,160.0,2.3,0.4,0.27,0.35
504,Malartic,325.0,-33.0,-36.0,29.0,21.0,6200.0,20.0,86.0,640.0,0.8,900.0,100.0,3.3,0.3,0.25,0.32
505,Maniwaki,180.0,-30.0,-32.0,29.0,22.0,5280.0,23.0,96.0,700.0,0.9,900.0,100.0,2.4,0.4,0.24,0.31
506,Masson,50.0,-26.0,-28.0,30.0,23.0,4610.0,23.0,91.0,790.0,0.9,975.0,160.0,2.4,0.4,0.31,0.4
507,Matane,5.0,-24.0,-26.0,24.0,20.0,5510.0,18.0,91.0,640.0,0.9,1050.0,220.0,3.7,0.4,0.43,0.55
508,Mont-Joli,90.0,-24.0,-26.0,26.0,21.0,5370.0,18.0,91.0,610.0,0.8,920.0,220.0,4.1,0.4,0.41,0.52
509,Mont-Laurier,225.0,-29.0,-32.0,29.0,22.0,5320.0,24.0,102.0,790.0,0.9,1000.0,160.0,2.6,0.4,0.23,0.3
510,Montmagny,10.0,-25.0,-28.0,28.0,22.0,5090.0,20.0,102.0,880.0,1.0,1090.0,180.0,2.9,0.6,0.37,0.47
511,Montréal Region,,,,,,,,,,,,,,,,
512,Beaconsfield,25.0,-24.0,-26.0,30.0,23.0,4440.0,23.0,91.0,780.0,0.9,950.0,180.0,2.3,0.4,0.33,0.42
513,Dorval,25.0,-24.0,-26.0,30.0,23.0,4400.0,23.0,91.0,760.0,0.9,940.0,180.0,2.4,0.4,0.34,0.44
514,Laval,35.0,-24.0,-26.0,29.0,23.0,4500.0,23.0,96.0,830.0,0.9,1025.0,160.0,2.6,0.4,0.33,0.42
515,Montréal (City Hall),20.0,-23.0,-26.0,30.0,23.0,4200.0,23.0,96.0,830.0,0.93,1025.0,180.0,2.6,0.4,0.34,0.44
516,Montréal-Est,25.0,-23.0,-26.0,30.0,23.0,4470.0,23.0,96.0,830.0,0.93,1025.0,180.0,2.7,0.4,0.34,0.44
517,Montréal-Nord,20.0,-24.0,-26.0,30.0,23.0,4470.0,23.0,96.0,830.0,0.93,1025.0,160.0,2.6,0.4,0.33,0.42
518,Outremont,105.0,-23.0,-26.0,30.0,23.0,4300.0,23.0,96.0,820.0,0.91,1025.0,180.0,2.8,0.4,0.34,0.44
519,Pierrefonds,25.0,-24.0,-26.0,30.0,23.0,4430.0,23.0,96.0,800.0,0.9,960.0,180.0,2.4,0.4,0.33,0.42
520,Bellevue,35.0,-24.0,-26.0,29.0,23.0,4460.0,23.0,96.0,780.0,0.9,960.0,180.0,2.3,0.4,0.33,0.42
521,Saint-Lambert,15.0,-23.0,-26.0,30.0,23.0,4400.0,23.0,96.0,810.0,0.91,1050.0,160.0,2.5,0.4,0.34,0.44
522,Saint-Laurent,45.0,-23.0,-26.0,30.0,23.0,4270.0,23.0,96.0,790.0,0.89,950.0,160.0,2.5,0.4,0.34,0.44
523,Verdun,20.0,-23.0,-26.0,30.0,23.0,4200.0,23.0,91.0,780.0,0.9,1025.0,180.0,2.5,0.4,0.34,0.44
524,Nicolet (Gentilly),15.0,-25.0,-28.0,29.0,23.0,4900.0,20.0,107.0,860.0,1.0,1025.0,160.0,2.8,0.4,0.33,0.42
525,Nitchequon,545.0,-39.0,-41.0,23.0,19.0,8100.0,15.0,70.0,500.0,0.9,825.0,140.0,3.5,0.3,0.29,0.37
526,Noranda,305.0,-33.0,-36.0,29.0,21.0,6050.0,20.0,91.0,650.0,0.8,875.0,100.0,3.2,0.3,0.27,0.35
527,Percé,5.0,-21.0,-24.0,25.0,19.0,5400.0,16.0,107.0,1000.0,1.2,1300.0,300.0,3.8,0.6,0.49,0.63
528,Pincourt,25.0,-24.0,-26.0,29.0,23.0,4480.0,23.0,96.0,780.0,0.9,950.0,180.0,2.3,0.4,0.33,0.42
529,Plessisville,145.0,-26.0,-28.0,29.0,23.0,5100.0,21.0,107.0,890.0,1.0,1150.0,180.0,2.8,0.6,0.27,0.35
530,Port-Cartier,20.0,-28.0,-30.0,25.0,19.0,6060.0,15.0,106.0,730.0,1.0,1125.0,300.0,4.1,0.4,0.42,0.54
531,Puvirnitu q,5.0,-36.0,-38.0,23.0,16.0,9200.0,7.0,54.0,210.0,0.9,375.0,240.0,4.5,0.2,0.47,0.6
532,Québec City Region,,,,,,,,,,,,,,,,
533,Ancienne-Lorette,35.0,-25.0,-28.0,28.0,23.0,5130.0,20.0,102.0,940.0,1.1,1200.0,200.0,3.4,0.6,0.32,0.41
534,Lévis,50.0,-25.0,-28.0,28.0,22.0,5050.0,20.0,107.0,920.0,1.0,1200.0,160.0,3.3,0.6,0.32,0.41
535,Québec,120.0,-25.0,-28.0,28.0,22.0,5080.0,20.0,107.0,925.0,1.0,1210.0,200.0,3.6,0.6,0.32,0.41
536,Sainte-Foy,115.0,-25.0,-28.0,28.0,23.0,5100.0,20.0,107.0,940.0,1.1,1200.0,180.0,3.7,0.6,0.32,0.41
537,Sillery,10.0,-25.0,-28.0,28.0,23.0,5070.0,20.0,107.0,930.0,1.1,1200.0,200.0,3.1,0.6,0.32,0.41
538,Richmond,150.0,-25.0,-27.0,29.0,22.0,4700.0,23.0,96.0,870.0,1.0,1060.0,160.0,2.4,0.6,0.25,0.32
539,Rimouski,30.0,-25.0,-27.0,26.0,20.0,5300.0,18.0,91.0,640.0,0.8,890.0,200.0,3.8,0.4,0.41,0.52
540,Rivière-du-Loup,55.0,-25.0,-27.0,26.0,21.0,5380.0,18.0,91.0,660.0,0.8,900.0,180.0,3.5,0.6,0.39,0.5
541,Roberval,100.0,-31.0,-33.0,28.0,21.0,5750.0,22.0,91.0,590.0,0.8,910.0,140.0,3.5,0.3,0.27,0.35
542,Rock Island,160.0,-25.0,-27.0,29.0,23.0,4850.0,23.0,91.0,900.0,1.0,1125.0,160.0,2.0,0.4,0.27,0.35
543,Rosemère,25.0,-24.0,-26.0,29.0,23.0,4550.0,23.0,96.0,840.0,1.0,1050.0,160.0,2.6,0.4,0.31,0.4
544,Rouyn,300.0,-33.0,-36.0,29.0,21.0,6050.0,20.0,91.0,650.0,0.8,900.0,100.0,3.1,0.3,0.27,0.35
545,Saguenay,10.0,-30.0,-32.0,28.0,22.0,5700.0,18.0,86.0,710.0,0.9,975.0,140.0,2.7,0.4,0.28,0.36
546,Saguenay (Bagotville),5.0,-31.0,-33.0,28.0,21.0,5700.0,18.0,86.0,690.0,0.9,925.0,160.0,2.7,0.4,0.3,0.38
547,Saguenay (Jonquière),135.0,-30.0,-32.0,28.0,22.0,5650.0,18.0,86.0,710.0,0.9,925.0,160.0,3.1,0.4,0.27,0.35
548,Saguenay (Kénogami),140.0,-30.0,-32.0,28.0,22.0,5650.0,18.0,86.0,690.0,0.9,925.0,160.0,3.1,0.4,0.27,0.35
549,des-Monts,360.0,-28.0,-30.0,28.0,22.0,5390.0,23.0,96.0,820.0,1.0,1170.0,140.0,3.4,0.4,0.27,0.35
550,Saint-Eustache,35.0,-25.0,-27.0,29.0,23.0,4500.0,23.0,96.0,820.0,0.9,1025.0,160.0,2.4,0.4,0.29,0.37
551,Saint-Félicien,105.0,-32.0,-34.0,28.0,22.0,5850.0,22.0,91.0,570.0,0.8,900.0,140.0,3.5,0.3,0.27,0.35
552,Cacouna,35.0,-25.0,-27.0,26.0,21.0,5400.0,18.0,91.0,660.0,0.9,925.0,180.0,3.2,0.6,0.39,0.5
553,Saint-Hubert,25.0,-24.0,-26.0,30.0,23.0,4490.0,23.0,91.0,820.0,0.9,1020.0,180.0,2.5,0.4,0.34,0.44
554,Rivière-du-Loup,310.0,-26.0,-28.0,26.0,21.0,5520.0,22.0,91.0,740.0,0.9,1025.0,180.0,4.4,0.6,0.31,0.4
555,Saint-Hyacinthe,35.0,-24.0,-27.0,30.0,23.0,4500.0,21.0,91.0,840.0,1.0,1030.0,160.0,2.3,0.4,0.27,0.35
556,Saint-Jean-sur-Richelieu,35.0,-24.0,-26.0,29.0,23.0,4450.0,23.0,91.0,880.0,1.0,1010.0,180.0,2.2,0.4,0.32,0.41
557,Saint-Jérôme,95.0,-26.0,-28.0,29.0,23.0,4820.0,23.0,96.0,830.0,1.0,1025.0,160.0,2.7,0.4,0.29,0.37
558,Saint-Jovite,230.0,-29.0,-31.0,28.0,22.0,5250.0,23.0,96.0,810.0,1.0,1025.0,160.0,2.8,0.4,0.26,0.33
559,Saint-Lazare / Hudson,60.0,-24.0,-26.0,30.0,23.0,4520.0,23.0,96.0,750.0,0.9,950.0,180.0,2.3,0.4,0.33,0.42
560,Saint-Nicolas,65.0,-25.0,-28.0,28.0,22.0,4990.0,20.0,102.0,890.0,1.0,1200.0,200.0,3.5,0.6,0.33,0.42
561,Salaberry-de-Valleyfield,50.0,-23.0,-25.0,29.0,23.0,4400.0,23.0,96.0,760.0,0.9,900.0,180.0,2.3,0.4,0.33,0.42
562,Schefferville,550.0,-37.0,-39.0,24.0,16.0,8550.0,13.0,64.0,410.0,0.8,800.0,180.0,4.5,0.3,0.33,0.42
563,Senneterre,310.0,-34.0,-36.0,29.0,21.0,6180.0,22.0,91.0,740.0,0.9,925.0,100.0,3.3,0.3,0.25,0.32
564,Sept-Îles,5.0,-29.0,-31.0,24.0,18.0,6200.0,15.0,106.0,760.0,1.0,1125.0,300.0,4.1,0.4,0.42,0.54
565,Shawinigan,60.0,-26.0,-29.0,29.0,23.0,5050.0,22.0,102.0,820.0,1.0,1050.0,180.0,3.1,0.4,0.27,0.35
566,Shawville,170.0,-27.0,-30.0,30.0,23.0,4880.0,23.0,96.0,670.0,0.8,880.0,160.0,2.8,0.4,0.27,0.35
567,Sherbrooke,185.0,-28.0,-30.0,29.0,23.0,4700.0,23.0,96.0,900.0,1.0,1100.0,160.0,2.2,0.6,0.25,0.32
568,Sorel,10.0,-25.0,-27.0,29.0,23.0,4550.0,20.0,102.0,800.0,0.9,975.0,180.0,2.8,0.4,0.34,0.43
569,Sutton,185.0,-25.0,-27.0,29.0,23.0,4600.0,23.0,96.0,990.0,1.1,1260.0,160.0,2.4,0.4,0.29,0.37
570,Tadoussac,65.0,-26.0,-28.0,27.0,21.0,5450.0,18.0,96.0,700.0,0.9,1000.0,180.0,3.7,0.4,0.41,0.52
571,Témiscaming,240.0,-30.0,-32.0,30.0,22.0,5020.0,23.0,96.0,730.0,0.9,940.0,100.0,2.5,0.4,0.25,0.32
572,Terrebonne,20.0,-25.0,-27.0,29.0,23.0,4500.0,23.0,96.0,830.0,0.9,1025.0,160.0,2.6,0.4,0.31,0.4
573,Thetford Mines,330.0,-26.0,-28.0,28.0,22.0,5120.0,22.0,107.0,950.0,1.1,1230.0,160.0,3.5,0.6,0.27,0.35
574,Thurso,50.0,-26.0,-28.0,30.0,23.0,4820.0,23.0,91.0,800.0,0.9,950.0,160.0,2.4,0.4,0.31,0.4
575,Trois-Rivières,25.0,-25.0,-28.0,29.0,23.0,4900.0,20.0,107.0,860.0,1.0,1050.0,180.0,2.8,0.4,0.34,0.43
576,Val-d'Or,310.0,-33.0,-36.0,29.0,21.0,6180.0,20.0,86.0,640.0,0.8,925.0,100.0,3.4,0.3,0.25,0.32
577,Varennes,15.0,-24.0,-26.0,30.0,23.0,4500.0,23.0,96.0,810.0,0.9,1000.0,160.0,2.6,0.4,0.31,0.4
578,Verchères,15.0,-24.0,-26.0,30.0,23.0,4450.0,23.0,96.0,810.0,0.9,1000.0,160.0,2.7,0.4,0.34,0.43
579,Victoriaville,125.0,-26.0,-28.0,29.0,23.0,4900.0,21.0,102.0,850.0,1.0,1100.0,180.0,2.6,0.6,0.27,0.35
580,Ville-Marie,200.0,-31.0,-34.0,30.0,22.0,5550.0,23.0,96.0,630.0,0.8,825.0,120.0,2.3,0.4,0.31,0.4
581,Wakefield,120.0,-27.0,-30.0,30.0,23.0,4820.0,23.0,91.0,780.0,0.9,1020.0,160.0,2.4,0.4,0.27,0.34
582,Waterloo,205.0,-25.0,-27.0,29.0,23.0,4650.0,23.0,96.0,980.0,1.1,1250.0,160.0,2.5,0.4,0.27,0.35
583,Windsor,150.0,-25.0,-27.0,29.0,23.0,4700.0,23.0,96.0,930.0,1.0,1075.0,160.0,2.3,0.4,0.25,0.32
584,New Brunswick,,,,,,,,,,,,,,,,
585,Alma,5.0,-21.0,-23.0,26.0,20.0,4500.0,18.0,144.0,1175.0,1.3,1450.0,260.0,2.6,0.6,0.37,0.48
586,Bathurst,10.0,-23.0,-26.0,30.0,22.0,5020.0,20.0,106.0,775.0,0.9,1020.0,180.0,4.1,0.6,0.37,0.48
587,Boiestown,65.0,-25.0,-28.0,29.0,21.0,4900.0,20.0,96.0,800.0,0.9,1075.0,180.0,3.6,0.6,0.3,0.39
588,Campbellton,30.0,-26.0,-28.0,29.0,22.0,5500.0,20.0,107.0,725.0,0.9,1025.0,180.0,4.3,0.4,0.35,0.45
589,Edmundston,160.0,-27.0,-29.0,28.0,22.0,5320.0,23.0,91.0,750.0,0.9,1000.0,160.0,3.4,0.6,0.3,0.38
590,Fredericton,15.0,-24.0,-27.0,29.0,22.0,4670.0,22.0,112.0,900.0,1.0,1100.0,160.0,3.1,0.6,0.3,0.38
591,Gagetown,20.0,-24.0,-26.0,29.0,22.0,4460.0,20.0,112.0,900.0,1.0,1125.0,180.0,2.8,0.6,0.31,0.4
592,Grand Falls,115.0,-27.0,-30.0,28.0,22.0,5300.0,23.0,107.0,850.0,1.0,1100.0,160.0,3.6,0.6,0.3,0.38
593,Miramichi,5.0,-24.0,-26.0,30.0,22.0,4950.0,20.0,96.0,825.0,1.0,1050.0,200.0,3.4,0.6,0.32,0.41
594,Moncton,20.0,-23.0,-25.0,28.0,21.0,4680.0,20.0,112.0,850.0,1.0,1175.0,220.0,3.0,0.6,0.39,0.5
595,Oromocto,20.0,-24.0,-26.0,29.0,22.0,4650.0,22.0,112.0,900.0,1.0,1110.0,160.0,3.0,0.6,0.3,0.39
596,Sackville,15.0,-22.0,-24.0,27.0,21.0,4590.0,18.0,112.0,975.0,1.1,1175.0,220.0,2.5,0.6,0.38,0.49
597,Saint Andrews,35.0,-22.0,-24.0,25.0,20.0,4680.0,19.0,123.0,1000.0,1.2,1200.0,220.0,2.8,0.6,0.35,0.45
598,Saint John,5.0,-22.0,-24.0,25.0,20.0,4570.0,18.0,139.0,1100.0,1.3,1425.0,260.0,2.3,0.6,0.41,0.53
599,Shippagan,5.0,-22.0,-24.0,28.0,21.0,4930.0,18.0,96.0,800.0,1.0,1050.0,260.0,3.4,0.6,0.49,0.63
600,St. George,35.0,-21.0,-23.0,25.0,20.0,4680.0,18.0,123.0,1000.0,1.2,1200.0,220.0,2.8,0.6,0.35,0.45
601,St. Stephen,20.0,-24.0,-26.0,28.0,22.0,4700.0,20.0,123.0,1000.0,1.2,1160.0,180.0,2.9,0.6,0.33,0.42
602,Woodstock,60.0,-26.0,-29.0,30.0,22.0,4910.0,22.0,107.0,875.0,1.0,1100.0,160.0,3.1,0.6,0.29,0.37
603,Nova Scotia,,,,,,,,,,,,,,,,
604,Amherst,25.0,-21.0,-24.0,27.0,21.0,4500.0,18.0,118.0,950.0,1.1,1150.0,220.0,2.4,0.6,0.37,0.48
605,Antigonish,10.0,-17.0,-20.0,27.0,21.0,4510.0,15.0,123.0,1100.0,1.3,1250.0,240.0,2.3,0.6,0.42,0.54
606,Bridgewater,10.0,-15.0,-17.0,27.0,20.0,4140.0,16.0,144.0,1300.0,1.5,1475.0,260.0,1.9,0.6,0.43,0.55
607,Canso,5.0,-13.0,-15.0,25.0,20.0,4400.0,15.0,123.0,1325.0,1.5,1400.0,260.0,1.7,0.6,0.48,0.61
608,Debert,45.0,-21.0,-24.0,27.0,21.0,4500.0,18.0,118.0,1000.0,1.2,1200.0,240.0,2.1,0.6,0.37,0.48
609,Digby,35.0,-15.0,-17.0,25.0,20.0,4020.0,15.0,130.0,1100.0,1.3,1275.0,260.0,2.2,0.6,0.43,0.55
610,Greenwood (CFB),28.0,-18.0,-20.0,29.0,22.0,4140.0,16.0,118.0,925.0,1.1,1100.0,280.0,2.7,0.6,0.42,0.54
611,Halifax Region,,,,,,,,,,,,,,,,
612,Dartmouth,10.0,-16.0,-18.0,26.0,20.0,4100.0,18.0,144.0,1250.0,1.4,1400.0,280.0,1.6,0.6,0.45,0.58
613,Halifax,55.0,-16.0,-18.0,26.0,20.0,4000.0,17.0,150.0,1350.0,1.5,1500.0,280.0,1.9,0.6,0.45,0.58
614,Kentville,25.0,-18.0,-20.0,28.0,21.0,4130.0,17.0,118.0,950.0,1.1,1200.0,260.0,2.6,0.6,0.42,0.54
615,Liverpool,20.0,-16.0,-18.0,27.0,20.0,3990.0,16.0,150.0,1325.0,1.5,1425.0,280.0,1.7,0.6,0.48,0.61
616,Lockeport,5.0,-14.0,-16.0,25.0,20.0,4000.0,18.0,139.0,1250.0,1.4,1450.0,280.0,1.4,0.6,0.47,0.6
617,Louisbourg,5.0,-15.0,-17.0,26.0,20.0,4530.0,15.0,118.0,1300.0,1.5,1500.0,300.0,2.1,0.7,0.51,0.65
618,Lunenburg,25.0,-15.0,-17.0,26.0,20.0,4140.0,16.0,144.0,1300.0,1.5,1450.0,260.0,1.9,0.6,0.48,0.61
619,New Glasgow,30.0,-19.0,-21.0,27.0,21.0,4320.0,15.0,135.0,975.0,1.1,1200.0,260.0,2.2,0.6,0.43,0.55
620,North Sydney,20.0,-16.0,-19.0,27.0,21.0,4500.0,15.0,123.0,1200.0,1.4,1475.0,300.0,2.4,0.6,0.46,0.59
621,Pictou,25.0,-19.0,-21.0,27.0,21.0,4310.0,15.0,107.0,950.0,1.1,1175.0,260.0,2.2,0.6,0.43,0.55
622,Port Hawkesbury,40.0,-17.0,-19.0,27.0,21.0,4500.0,15.0,128.0,1325.0,1.5,1450.0,260.0,2.1,0.6,0.48,0.61
623,Springhill,185.0,-20.0,-23.0,27.0,21.0,4540.0,18.0,118.0,1075.0,1.2,1175.0,220.0,3.1,0.6,0.37,0.48
624,Stewiacke,25.0,-20.0,-22.0,27.0,21.0,4400.0,18.0,128.0,1050.0,1.2,1250.0,240.0,1.8,0.6,0.39,0.5
625,Sydney,5.0,-16.0,-19.0,27.0,21.0,4530.0,15.0,123.0,1200.0,1.4,1475.0,300.0,2.3,0.6,0.46,0.59
626,Tatamagouche,25.0,-20.0,-23.0,27.0,21.0,4380.0,18.0,118.0,875.0,1.1,1150.0,260.0,2.2,0.6,0.43,0.55
627,Truro,25.0,-20.0,-22.0,27.0,21.0,4500.0,18.0,118.0,1000.0,1.2,1175.0,240.0,2.0,0.6,0.37,0.48
628,Wolfville,35.0,-19.0,-21.0,28.0,21.0,4140.0,17.0,118.0,975.0,1.1,1175.0,260.0,2.6,0.6,0.42,0.54
629,Yarmouth,10.0,-14.0,-16.0,22.0,19.0,3990.0,19.0,135.0,1125.0,1.3,1260.0,280.0,1.8,0.6,0.44,0.56
630,Prince Edward Island,,,,,,,,,,,,,,,,
631,Charlottetown,5.0,-20.0,-22.0,26.0,21.0,4460.0,16.0,107.0,900.0,1.1,1150.0,350.0,2.7,0.6,0.44,0.56
632,Souris,5.0,-19.0,-21.0,27.0,21.0,4550.0,15.0,112.0,950.0,1.1,1130.0,350.0,2.7,0.6,0.45,0.58
633,Summerside,10.0,-20.0,-22.0,27.0,21.0,4600.0,16.0,112.0,825.0,1.0,1060.0,350.0,3.1,0.6,0.47,0.6
634,Tignish,10.0,-20.0,-22.0,27.0,21.0,4770.0,16.0,96.0,800.0,1.0,1100.0,350.0,3.2,0.6,0.51,0.66
635,Argentia,15.0,-12.0,-14.0,21.0,18.0,4600.0,15.0,107.0,1250.0,1.5,1400.0,400.0,2.4,0.7,0.59,0.75
636,Bonavista,15.0,-14.0,-16.0,24.0,19.0,5000.0,18.0,96.0,825.0,1.1,1010.0,400.0,3.1,0.6,0.66,0.84
637,Buchans,255.0,-24.0,-27.0,27.0,20.0,5250.0,13.0,107.0,850.0,1.0,1125.0,200.0,4.7,0.6,0.47,0.6
638,Cape Harrison,5.0,-29.0,-31.0,26.0,16.0,6900.0,10.0,106.0,475.0,0.9,950.0,350.0,6.3,0.4,0.47,0.6
639,Cape Race,5.0,-11.0,-13.0,19.0,18.0,4900.0,18.0,130.0,1425.0,1.7,1550.0,400.0,2.3,0.7,0.82,1.05
640,aux Basques,5.0,-13.0,-15.0,19.0,18.0,5000.0,13.0,123.0,1175.0,1.4,1520.0,450.0,3.6,0.7,0.61,0.78
641,Corner Brook,35.0,-16.0,-18.0,26.0,20.0,4760.0,13.0,91.0,875.0,1.1,1190.0,300.0,3.7,0.6,0.43,0.55
642,Gander,125.0,-18.0,-20.0,27.0,20.0,5110.0,18.0,91.0,775.0,1.0,1180.0,280.0,3.7,0.6,0.47,0.6
643,Grand Bank,5.0,-14.0,-15.0,20.0,18.0,4550.0,15.0,123.0,1350.0,1.6,1525.0,400.0,2.4,0.7,0.58,0.74
644,Grand Falls,60.0,-26.0,-29.0,27.0,20.0,5020.0,15.0,86.0,775.0,1.0,1030.0,240.0,3.4,0.6,0.47,0.6
645,Bay,15.0,-31.0,-32.0,27.0,19.0,6670.0,18.0,80.0,575.0,0.8,960.0,160.0,5.3,0.4,0.33,0.42
646,Labrador City,550.0,-36.0,-38.0,24.0,17.0,7710.0,15.0,70.0,500.0,0.8,880.0,140.0,4.8,0.3,0.31,0.4
647,St. Anthony,10.0,-25.0,-27.0,22.0,18.0,6440.0,13.0,86.0,800.0,1.1,1280.0,450.0,6.1,0.6,0.68,0.87
648,Stephenville,25.0,-16.0,-18.0,24.0,19.0,4850.0,14.0,102.0,1000.0,1.2,1275.0,350.0,4.1,0.6,0.45,0.58
649,St. John's,65.0,-15.0,-16.0,24.0,20.0,4800.0,18.0,118.0,1200.0,1.4,1575.0,400.0,2.9,0.7,0.61,0.78
650,Twin Falls,425.0,-35.0,-37.0,24.0,17.0,7790.0,15.0,70.0,500.0,0.9,950.0,120.0,4.8,0.4,0.31,0.4
651,Wabana,75.0,-15.0,-17.0,24.0,20.0,4750.0,18.0,112.0,1125.0,1.3,1500.0,400.0,3.0,0.7,0.59,0.75
652,Wabush,550.0,-36.0,-38.0,24.0,17.0,7710.0,15.0,70.0,500.0,0.8,880.0,140.0,4.8,0.3,0.31,0.4
653,Yukon,,,,,,,,,,,,,,,,
654,Aishihik,920.0,-44.0,-46.0,23.0,15.0,7500.0,8.0,43.0,190.0,0.6,275.0,40.0,1.9,0.1,0.27,0.38
655,Dawson,330.0,-50.0,-51.0,26.0,16.0,8120.0,10.0,49.0,200.0,0.6,350.0,40.0,2.9,0.1,0.22,0.31
656,Destruction Bay,815.0,-43.0,-45.0,23.0,14.0,7800.0,8.0,49.0,190.0,0.6,300.0,80.0,1.9,0.1,0.42,0.6
657,Faro,670.0,-46.0,-47.0,25.0,16.0,7300.0,10.0,33.0,215.0,0.6,315.0,40.0,2.3,0.1,0.26,0.35
658,Haines Junction,600.0,-45.0,-47.0,24.0,14.0,7100.0,8.0,51.0,145.0,0.6,315.0,180.0,2.2,0.1,0.24,0.34
659,Snag,595.0,-51.0,-53.0,23.0,16.0,8300.0,8.0,59.0,290.0,0.6,350.0,40.0,2.2,0.1,0.22,0.31
660,Teslin,690.0,-42.0,-44.0,24.0,15.0,6770.0,10.0,38.0,200.0,0.5,340.0,40.0,3.0,0.1,0.26,0.34
661,Watson La ke,685.0,-46.0,-48.0,26.0,16.0,7470.0,10.0,54.0,250.0,0.6,410.0,60.0,3.2,0.1,0.26,0.35
662,Whitehorse,655.0,-41.0,-43.0,25.0,15.0,6580.0,8.0,43.0,170.0,0.5,275.0,40.0,2.0,0.1,0.29,0.38
663,Northwest Territories,,,,,,,,,,,,,,,,
664,Aklavik,5.0,-42.0,-44.0,26.0,17.0,9600.0,6.0,49.0,115.0,0.7,250.0,60.0,2.8,0.1,0.31,0.4
665,Behchokǫ̀/ Rae-Edzo,160.0,-42.0,-44.0,25.0,17.0,8300.0,10.0,60.0,175.0,0.6,275.0,80.0,2.3,0.1,0.31,0.4
666,Echo Bay /Port Radium,195.0,-42.0,-44.0,22.0,16.0,9300.0,8.0,60.0,160.0,0.7,250.0,80.0,3.0,0.1,0.41,0.53
667,Fort Good Hope,100.0,-43.0,-45.0,28.0,18.0,8700.0,9.0,60.0,140.0,0.6,280.0,80.0,2.9,0.1,0.34,0.44
668,Fort McPherson,25.0,-44.0,-46.0,26.0,17.0,9150.0,6.0,50.0,145.0,0.7,315.0,60.0,3.2,0.1,0.31,0.4
669,Fort Providence,150.0,-40.0,-43.0,28.0,18.0,7620.0,10.0,71.0,210.0,0.6,350.0,100.0,2.4,0.1,0.27,0.35
670,Fort Resolution,160.0,-40.0,-42.0,26.0,18.0,7750.0,10.0,60.0,175.0,0.6,300.0,140.0,2.3,0.1,0.3,0.39
671,Fort Simpson,120.0,-42.0,-44.0,28.0,19.0,7660.0,12.0,76.0,225.0,0.6,360.0,80.0,2.3,0.1,0.3,0.39
672,Fort Smith,205.0,-41.0,-43.0,28.0,19.0,7300.0,10.0,65.0,250.0,0.6,350.0,80.0,2.3,0.2,0.3,0.39
673,Hay River,45.0,-38.0,-41.0,27.0,18.0,7550.0,10.0,60.0,200.0,0.6,325.0,140.0,2.4,0.1,0.27,0.35
674,Inuvik,45.0,-43.0,-45.0,26.0,17.0,9600.0,6.0,49.0,115.0,0.7,425.0,60.0,3.1,0.1,0.31,0.4
675,Mould Bay,5.0,-44.0,-46.0,11.0,8.0,12900.0,3.0,33.0,25.0,0.9,100.0,140.0,1.5,0.1,0.45,0.58
676,Norman Wells,65.0,-43.0,-45.0,28.0,18.0,8510.0,9.0,60.0,165.0,0.6,320.0,80.0,3.0,0.1,0.34,0.44
677,Tungsten,1340.0,-49.0,-51.0,26.0,16.0,7700.0,10.0,44.0,315.0,0.8,640.0,40.0,4.3,0.1,0.34,0.44
678,Ulukhaktok / Holman,10.0,-39.0,-41.0,18.0,12.0,10700.0,3.0,44.0,80.0,0.9,250.0,120.0,2.1,0.1,0.67,0.86
679,Wrigley,80.0,-42.0,-44.0,28.0,18.0,8050.0,10.0,54.0,220.0,0.6,350.0,80.0,2.8,0.1,0.3,0.39
680,Yellowknife,160.0,-41.0,-44.0,25.0,17.0,8170.0,10.0,60.0,175.0,0.6,275.0,100.0,2.2,0.1,0.31,0.4
681,Nunavut,,,,,,,,,,,,,,,,
682,Alert,5.0,-43.0,-44.0,13.0,8.0,13030.0,3.0,22.0,20.0,1.0,150.0,100.0,2.6,0.1,0.59,0.75
683,Arctic Bay,15.0,-42.0,-44.0,14.0,10.0,11900.0,3.0,38.0,60.0,0.9,150.0,160.0,2.4,0.1,0.43,0.55
684,Arviat,5.0,-40.0,-41.0,22.0,16.0,9850.0,8.0,65.0,225.0,0.9,300.0,240.0,3.0,0.2,0.45,0.58
685,Baker Lake,5.0,-42.0,-44.0,23.0,15.0,10700.0,55.0,5.0,160.0,0.8,260.0,180.0,3.4,0.2,0.42,0.54
686,Eureka,5.0,-47.0,-48.0,12.0,8.0,13500.0,3.0,27.0,25.0,1.0,70.0,100.0,1.6,0.1,0.43,0.55
687,Chesterfield Inlet,10.0,-40.0,-41.0,20.0,14.0,10500.0,5.0,60.0,175.0,0.9,270.0,240.0,3.6,0.2,0.44,0.56
688,Iqaluit,45.0,-40.0,-41.0,17.0,12.0,9980.0,5.0,58.0,200.0,0.9,433.0,200.0,2.9,0.2,0.51,0.65
689,Cambridge Bay,15.0,-41.0,-44.0,18.0,13.0,11670.0,4.0,38.0,70.0,0.9,140.0,100.0,1.9,0.1,0.39,0.5
690,Isachsen,-99,-99,-99,-99,-99,-99,-99,-99,-99,-99,-99,-99,-99,-99,-99,-99
691,Kangiqiniq / Rankin Inlet,10.0,-41.0,-42.0,21.0,15.0,10500.0,5.0,65.0,180.0,0.9,250.0,240.0,3.0,0.2,0.47,0.6
692,Clyde River,5.0,-40.0,-42.0,14.0,10.0,11300.0,5.0,44.0,55.0,0.9,225.0,220.0,4.2,0.2,0.43,0.55
693,Kugluktuk / Coppermine,10.0,-41.0,-43.0,23.0,16.0,10300.0,6.0,65.0,140.0,0.8,150.0,80.0,3.4,0.1,0.36,0.46
694,Nottingham Island,30.0,-37.0,-39.0,16.0,13.0,10000.0,5.0,54.0,175.0,0.9,325.0,200.0,4.7,0.2,0.61,0.78
695,Resolute,25.0,-42.0,-43.0,11.0,9.0,12360.0,3.0,27.0,50.0,0.9,140.0,180.0,2.0,0.1,0.46,0.59
696,Resolution Island,5.0,-32.0,-34.0,12.0,10.0,9000.0,5.0,71.0,240.0,0.9,550.0,200.0,5.5,0.2,0.96,1.23
697,Salliq / Coral Harbour,15.0,-41.0,-42.0,20.0,14.0,10720.0,5.0,65.0,150.0,0.9,280.0,200.0,3.8,0.2,0.45,0.58
